id,group_id,case_id,split,transformer_prob,rule_block,rule_score,matched_rule_count,has_instruction_override,has_system_prompt_leakage,has_tool_hijack,source_trust,permission_level_value,history_risk_count,is_external_source,is_tool_output,context_role__user_input,context_role__retrieved_doc,context_role__tool_output,context_role__tool_args,context_role__chat_history,scenario__chat,scenario__rag,scenario__agent,scenario__tool_call,scenario__multi_turn,final_label
attack_000:0,attack_000,always_injection,train,0.9704840779304504,1.0,0.55,2.0,1.0,1.0,0.0,0.9,0.0,0.0,0.0,0.0,1.0,0.0,0.0,0.0,0.0,1.0,0.0,0.0,0.0,0.0,injection
attack_000:1,attack_000,always_injection,train,0.9704840779304504,1.0,0.55,2.0,1.0,1.0,0.0,0.2,0.0,0.0,1.0,0.0,0.0,1.0,0.0,0.0,0.0,0.0,1.0,0.0,0.0,0.0,injection
attack_000:2,attack_000,always_injection,train,0.9704840779304504,1.0,0.55,2.0,1.0,1.0,0.0,0.2,2.0,0.0,1.0,1.0,0.0,0.0,1.0,0.0,0.0,0.0,0.0,1.0,0.0,0.0,injection
attack_000:3,attack_000,always_injection,train,0.9704840779304504,1.0,0.55,2.0,1.0,1.0,0.0,0.5,3.0,0.0,0.0,0.0,0.0,0.0,0.0,1.0,0.0,0.0,0.0,0.0,1.0,0.0,injection
attack_000:4,attack_000,always_injection,train,0.9704840779304504,1.0,0.55,2.0,1.0,1.0,0.0,0.7,0.0,2.0,0.0,0.0,0.0,0.0,0.0,0.0,1.0,0.0,0.0,0.0,0.0,1.0,injection
attack_001:0,attack_001,always_injection,train,0.04048454016447067,1.0,0.55,2.0,1.0,1.0,0.0,0.9,0.0,0.0,0.0,0.0,1.0,0.0,0.0,0.0,0.0,1.0,0.0,0.0,0.0,0.0,injection
attack_001:1,attack_001,always_injection,train,0.04048454016447067,1.0,0.55,2.0,1.0,1.0,0.0,0.2,0.0,0.0,1.0,0.0,0.0,1.0,0.0,0.0,0.0,0.0,1.0,0.0,0.0,0.0,injection
attack_001:2,attack_001,always_injection,train,0.04048454016447067,1.0,0.55,2.0,1.0,1.0,0.0,0.2,2.0,0.0,1.0,1.0,0.0,0.0,1.0,0.0,0.0,0.0,0.0,1.0,0.0,0.0,injection
attack_001:3,attack_001,always_injection,train,0.04048454016447067,1.0,0.55,2.0,1.0,1.0,0.0,0.5,3.0,0.0,0.0,0.0,0.0,0.0,0.0,1.0,0.0,0.0,0.0,0.0,1.0,0.0,injection
attack_001:4,attack_001,always_injection,train,0.04048454016447067,1.0,0.55,2.0,1.0,1.0,0.0,0.7,0.0,2.0,0.0,0.0,0.0,0.0,0.0,0.0,1.0,0.0,0.0,0.0,0.0,1.0,injection
attack_002:0,attack_002,always_injection,train,0.03476623445749283,1.0,0.45,2.0,0.0,0.0,0.0,0.9,0.0,0.0,0.0,0.0,1.0,0.0,0.0,0.0,0.0,1.0,0.0,0.0,0.0,0.0,injection
attack_002:1,attack_002,always_injection,train,0.03476623445749283,1.0,0.45,2.0,0.0,0.0,0.0,0.2,0.0,0.0,1.0,0.0,0.0,1.0,0.0,0.0,0.0,0.0,1.0,0.0,0.0,0.0,injection
attack_002:2,attack_002,always_injection,train,0.03476623445749283,1.0,0.45,2.0,0.0,0.0,0.0,0.2,2.0,0.0,1.0,1.0,0.0,0.0,1.0,0.0,0.0,0.0,0.0,1.0,0.0,0.0,injection
attack_002:3,attack_002,always_injection,train,0.03476623445749283,1.0,0.45,2.0,0.0,0.0,0.0,0.5,3.0,0.0,0.0,0.0,0.0,0.0,0.0,1.0,0.0,0.0,0.0,0.0,1.0,0.0,injection
attack_002:4,attack_002,always_injection,train,0.03476623445749283,1.0,0.45,2.0,0.0,0.0,0.0,0.7,0.0,2.0,0.0,0.0,0.0,0.0,0.0,0.0,1.0,0.0,0.0,0.0,0.0,1.0,injection
attack_003:0,attack_003,always_injection,train,0.8152457475662231,1.0,0.85,3.0,0.0,0.0,1.0,0.9,0.0,0.0,0.0,0.0,1.0,0.0,0.0,0.0,0.0,1.0,0.0,0.0,0.0,0.0,injection
attack_003:1,attack_003,always_injection,train,0.8152457475662231,1.0,0.85,3.0,0.0,0.0,1.0,0.2,0.0,0.0,1.0,0.0,0.0,1.0,0.0,0.0,0.0,0.0,1.0,0.0,0.0,0.0,injection
attack_003:2,attack_003,always_injection,train,0.8152457475662231,1.0,0.85,3.0,0.0,0.0,1.0,0.2,2.0,0.0,1.0,1.0,0.0,0.0,1.0,0.0,0.0,0.0,0.0,1.0,0.0,0.0,injection
attack_003:3,attack_003,always_injection,train,0.8152457475662231,1.0,0.85,3.0,0.0,0.0,1.0,0.5,3.0,0.0,0.0,0.0,0.0,0.0,0.0,1.0,0.0,0.0,0.0,0.0,1.0,0.0,injection
attack_003:4,attack_003,always_injection,train,0.8152457475662231,1.0,0.85,3.0,0.0,0.0,1.0,0.7,0.0,2.0,0.0,0.0,0.0,0.0,0.0,0.0,1.0,0.0,0.0,0.0,0.0,1.0,injection
attack_004:0,attack_004,always_injection,train,0.027553683146834373,1.0,0.5,2.0,0.0,0.0,1.0,0.9,0.0,0.0,0.0,0.0,1.0,0.0,0.0,0.0,0.0,1.0,0.0,0.0,0.0,0.0,injection
attack_004:1,attack_004,always_injection,train,0.027553683146834373,1.0,0.5,2.0,0.0,0.0,1.0,0.2,0.0,0.0,1.0,0.0,0.0,1.0,0.0,0.0,0.0,0.0,1.0,0.0,0.0,0.0,injection
attack_004:2,attack_004,always_injection,train,0.027553683146834373,1.0,0.5,2.0,0.0,0.0,1.0,0.2,2.0,0.0,1.0,1.0,0.0,0.0,1.0,0.0,0.0,0.0,0.0,1.0,0.0,0.0,injection
attack_004:3,attack_004,always_injection,train,0.027553683146834373,1.0,0.5,2.0,0.0,0.0,1.0,0.5,3.0,0.0,0.0,0.0,0.0,0.0,0.0,1.0,0.0,0.0,0.0,0.0,1.0,0.0,injection
attack_004:4,attack_004,always_injection,train,0.027553683146834373,1.0,0.5,2.0,0.0,0.0,1.0,0.7,0.0,2.0,0.0,0.0,0.0,0.0,0.0,0.0,1.0,0.0,0.0,0.0,0.0,1.0,injection
attack_005:0,attack_005,always_injection,train,0.023641711100935936,0.0,0.0,0.0,0.0,0.0,0.0,0.9,0.0,0.0,0.0,0.0,1.0,0.0,0.0,0.0,0.0,1.0,0.0,0.0,0.0,0.0,injection
attack_005:1,attack_005,always_injection,train,0.023641711100935936,0.0,0.0,0.0,0.0,0.0,0.0,0.2,0.0,0.0,1.0,0.0,0.0,1.0,0.0,0.0,0.0,0.0,1.0,0.0,0.0,0.0,injection
attack_005:2,attack_005,always_injection,train,0.023641711100935936,0.0,0.0,0.0,0.0,0.0,0.0,0.2,2.0,0.0,1.0,1.0,0.0,0.0,1.0,0.0,0.0,0.0,0.0,1.0,0.0,0.0,injection
attack_005:3,attack_005,always_injection,train,0.023641711100935936,0.0,0.0,0.0,0.0,0.0,0.0,0.5,3.0,0.0,0.0,0.0,0.0,0.0,0.0,1.0,0.0,0.0,0.0,0.0,1.0,0.0,injection
attack_005:4,attack_005,always_injection,train,0.023641711100935936,0.0,0.0,0.0,0.0,0.0,0.0,0.7,0.0,2.0,0.0,0.0,0.0,0.0,0.0,0.0,1.0,0.0,0.0,0.0,0.0,1.0,injection
attack_006:0,attack_006,always_injection,train,0.03132424131035805,0.0,0.0,0.0,0.0,0.0,0.0,0.9,0.0,0.0,0.0,0.0,1.0,0.0,0.0,0.0,0.0,1.0,0.0,0.0,0.0,0.0,injection
attack_006:1,attack_006,always_injection,train,0.03132424131035805,0.0,0.0,0.0,0.0,0.0,0.0,0.2,0.0,0.0,1.0,0.0,0.0,1.0,0.0,0.0,0.0,0.0,1.0,0.0,0.0,0.0,injection
attack_006:2,attack_006,always_injection,train,0.03132424131035805,0.0,0.0,0.0,0.0,0.0,0.0,0.2,2.0,0.0,1.0,1.0,0.0,0.0,1.0,0.0,0.0,0.0,0.0,1.0,0.0,0.0,injection
attack_006:3,attack_006,always_injection,train,0.03132424131035805,0.0,0.0,0.0,0.0,0.0,0.0,0.5,3.0,0.0,0.0,0.0,0.0,0.0,0.0,1.0,0.0,0.0,0.0,0.0,1.0,0.0,injection
attack_006:4,attack_006,always_injection,train,0.03132424131035805,0.0,0.0,0.0,0.0,0.0,0.0,0.7,0.0,2.0,0.0,0.0,0.0,0.0,0.0,0.0,1.0,0.0,0.0,0.0,0.0,1.0,injection
attack_007:0,attack_007,always_injection,train,0.0347115695476532,0.0,0.0,0.0,0.0,0.0,0.0,0.9,0.0,0.0,0.0,0.0,1.0,0.0,0.0,0.0,0.0,1.0,0.0,0.0,0.0,0.0,injection
attack_007:1,attack_007,always_injection,train,0.0347115695476532,0.0,0.0,0.0,0.0,0.0,0.0,0.2,0.0,0.0,1.0,0.0,0.0,1.0,0.0,0.0,0.0,0.0,1.0,0.0,0.0,0.0,injection
attack_007:2,attack_007,always_injection,train,0.0347115695476532,0.0,0.0,0.0,0.0,0.0,0.0,0.2,2.0,0.0,1.0,1.0,0.0,0.0,1.0,0.0,0.0,0.0,0.0,1.0,0.0,0.0,injection
attack_007:3,attack_007,always_injection,train,0.0347115695476532,0.0,0.0,0.0,0.0,0.0,0.0,0.5,3.0,0.0,0.0,0.0,0.0,0.0,0.0,1.0,0.0,0.0,0.0,0.0,1.0,0.0,injection
attack_007:4,attack_007,always_injection,train,0.0347115695476532,0.0,0.0,0.0,0.0,0.0,0.0,0.7,0.0,2.0,0.0,0.0,0.0,0.0,0.0,0.0,1.0,0.0,0.0,0.0,0.0,1.0,injection
attack_008:0,attack_008,always_injection,train,0.036496471613645554,0.0,0.0,0.0,0.0,0.0,0.0,0.9,0.0,0.0,0.0,0.0,1.0,0.0,0.0,0.0,0.0,1.0,0.0,0.0,0.0,0.0,injection
attack_008:1,attack_008,always_injection,train,0.036496471613645554,0.0,0.0,0.0,0.0,0.0,0.0,0.2,0.0,0.0,1.0,0.0,0.0,1.0,0.0,0.0,0.0,0.0,1.0,0.0,0.0,0.0,injection
attack_008:2,attack_008,always_injection,train,0.036496471613645554,0.0,0.0,0.0,0.0,0.0,0.0,0.2,2.0,0.0,1.0,1.0,0.0,0.0,1.0,0.0,0.0,0.0,0.0,1.0,0.0,0.0,injection
attack_008:3,attack_008,always_injection,train,0.036496471613645554,0.0,0.0,0.0,0.0,0.0,0.0,0.5,3.0,0.0,0.0,0.0,0.0,0.0,0.0,1.0,0.0,0.0,0.0,0.0,1.0,0.0,injection
attack_008:4,attack_008,always_injection,train,0.036496471613645554,0.0,0.0,0.0,0.0,0.0,0.0,0.7,0.0,2.0,0.0,0.0,0.0,0.0,0.0,0.0,1.0,0.0,0.0,0.0,0.0,1.0,injection
attack_009:0,attack_009,always_injection,train,0.8539003729820251,0.0,0.0,0.0,0.0,0.0,0.0,0.9,0.0,0.0,0.0,0.0,1.0,0.0,0.0,0.0,0.0,1.0,0.0,0.0,0.0,0.0,injection
attack_009:1,attack_009,always_injection,train,0.8539003729820251,0.0,0.0,0.0,0.0,0.0,0.0,0.2,0.0,0.0,1.0,0.0,0.0,1.0,0.0,0.0,0.0,0.0,1.0,0.0,0.0,0.0,injection
attack_009:2,attack_009,always_injection,train,0.8539003729820251,0.0,0.0,0.0,0.0,0.0,0.0,0.2,2.0,0.0,1.0,1.0,0.0,0.0,1.0,0.0,0.0,0.0,0.0,1.0,0.0,0.0,injection
attack_009:3,attack_009,always_injection,train,0.8539003729820251,0.0,0.0,0.0,0.0,0.0,0.0,0.5,3.0,0.0,0.0,0.0,0.0,0.0,0.0,1.0,0.0,0.0,0.0,0.0,1.0,0.0,injection
attack_009:4,attack_009,always_injection,train,0.8539003729820251,0.0,0.0,0.0,0.0,0.0,0.0,0.7,0.0,2.0,0.0,0.0,0.0,0.0,0.0,0.0,1.0,0.0,0.0,0.0,0.0,1.0,injection
attack_010:0,attack_010,always_injection,train,0.9748601317405701,1.0,0.55,2.0,1.0,1.0,0.0,0.9,0.0,0.0,0.0,0.0,1.0,0.0,0.0,0.0,0.0,1.0,0.0,0.0,0.0,0.0,injection
attack_010:1,attack_010,always_injection,train,0.9748601317405701,1.0,0.55,2.0,1.0,1.0,0.0,0.2,0.0,0.0,1.0,0.0,0.0,1.0,0.0,0.0,0.0,0.0,1.0,0.0,0.0,0.0,injection
attack_010:2,attack_010,always_injection,train,0.9748601317405701,1.0,0.55,2.0,1.0,1.0,0.0,0.2,2.0,0.0,1.0,1.0,0.0,0.0,1.0,0.0,0.0,0.0,0.0,1.0,0.0,0.0,injection
attack_010:3,attack_010,always_injection,train,0.9748601317405701,1.0,0.55,2.0,1.0,1.0,0.0,0.5,3.0,0.0,0.0,0.0,0.0,0.0,0.0,1.0,0.0,0.0,0.0,0.0,1.0,0.0,injection
attack_010:4,attack_010,always_injection,train,0.9748601317405701,1.0,0.55,2.0,1.0,1.0,0.0,0.7,0.0,2.0,0.0,0.0,0.0,0.0,0.0,0.0,1.0,0.0,0.0,0.0,0.0,1.0,injection
attack_011:0,attack_011,always_injection,train,0.9722731113433838,1.0,0.3,1.0,0.0,1.0,0.0,0.9,0.0,0.0,0.0,0.0,1.0,0.0,0.0,0.0,0.0,1.0,0.0,0.0,0.0,0.0,injection
attack_011:1,attack_011,always_injection,train,0.9722731113433838,1.0,0.3,1.0,0.0,1.0,0.0,0.2,0.0,0.0,1.0,0.0,0.0,1.0,0.0,0.0,0.0,0.0,1.0,0.0,0.0,0.0,injection
attack_011:2,attack_011,always_injection,train,0.9722731113433838,1.0,0.3,1.0,0.0,1.0,0.0,0.2,2.0,0.0,1.0,1.0,0.0,0.0,1.0,0.0,0.0,0.0,0.0,1.0,0.0,0.0,injection
attack_011:3,attack_011,always_injection,train,0.9722731113433838,1.0,0.3,1.0,0.0,1.0,0.0,0.5,3.0,0.0,0.0,0.0,0.0,0.0,0.0,1.0,0.0,0.0,0.0,0.0,1.0,0.0,injection
attack_011:4,attack_011,always_injection,train,0.9722731113433838,1.0,0.3,1.0,0.0,1.0,0.0,0.7,0.0,2.0,0.0,0.0,0.0,0.0,0.0,0.0,1.0,0.0,0.0,0.0,0.0,1.0,injection
attack_012:0,attack_012,always_injection,train,0.9689773917198181,1.0,0.6,2.0,0.0,0.0,1.0,0.9,0.0,0.0,0.0,0.0,1.0,0.0,0.0,0.0,0.0,1.0,0.0,0.0,0.0,0.0,injection
attack_012:1,attack_012,always_injection,train,0.9689773917198181,1.0,0.6,2.0,0.0,0.0,1.0,0.2,0.0,0.0,1.0,0.0,0.0,1.0,0.0,0.0,0.0,0.0,1.0,0.0,0.0,0.0,injection
attack_012:2,attack_012,always_injection,train,0.9689773917198181,1.0,0.6,2.0,0.0,0.0,1.0,0.2,2.0,0.0,1.0,1.0,0.0,0.0,1.0,0.0,0.0,0.0,0.0,1.0,0.0,0.0,injection
attack_012:3,attack_012,always_injection,train,0.9689773917198181,1.0,0.6,2.0,0.0,0.0,1.0,0.5,3.0,0.0,0.0,0.0,0.0,0.0,0.0,1.0,0.0,0.0,0.0,0.0,1.0,0.0,injection
attack_012:4,attack_012,always_injection,train,0.9689773917198181,1.0,0.6,2.0,0.0,0.0,1.0,0.7,0.0,2.0,0.0,0.0,0.0,0.0,0.0,0.0,1.0,0.0,0.0,0.0,0.0,1.0,injection
attack_013:0,attack_013,always_injection,train,0.9693697690963745,1.0,0.6,2.0,0.0,0.0,1.0,0.9,0.0,0.0,0.0,0.0,1.0,0.0,0.0,0.0,0.0,1.0,0.0,0.0,0.0,0.0,injection
attack_013:1,attack_013,always_injection,train,0.9693697690963745,1.0,0.6,2.0,0.0,0.0,1.0,0.2,0.0,0.0,1.0,0.0,0.0,1.0,0.0,0.0,0.0,0.0,1.0,0.0,0.0,0.0,injection
attack_013:2,attack_013,always_injection,train,0.9693697690963745,1.0,0.6,2.0,0.0,0.0,1.0,0.2,2.0,0.0,1.0,1.0,0.0,0.0,1.0,0.0,0.0,0.0,0.0,1.0,0.0,0.0,injection
attack_013:3,attack_013,always_injection,train,0.9693697690963745,1.0,0.6,2.0,0.0,0.0,1.0,0.5,3.0,0.0,0.0,0.0,0.0,0.0,0.0,1.0,0.0,0.0,0.0,0.0,1.0,0.0,injection
attack_013:4,attack_013,always_injection,train,0.9693697690963745,1.0,0.6,2.0,0.0,0.0,1.0,0.7,0.0,2.0,0.0,0.0,0.0,0.0,0.0,0.0,1.0,0.0,0.0,0.0,0.0,1.0,injection
attack_014:0,attack_014,always_injection,validation,0.912303626537323,0.0,0.15,1.0,0.0,0.0,0.0,0.9,0.0,0.0,0.0,0.0,1.0,0.0,0.0,0.0,0.0,1.0,0.0,0.0,0.0,0.0,injection
attack_014:1,attack_014,always_injection,validation,0.912303626537323,0.0,0.15,1.0,0.0,0.0,0.0,0.2,0.0,0.0,1.0,0.0,0.0,1.0,0.0,0.0,0.0,0.0,1.0,0.0,0.0,0.0,injection
attack_014:2,attack_014,always_injection,validation,0.912303626537323,0.0,0.15,1.0,0.0,0.0,0.0,0.2,2.0,0.0,1.0,1.0,0.0,0.0,1.0,0.0,0.0,0.0,0.0,1.0,0.0,0.0,injection
attack_014:3,attack_014,always_injection,validation,0.912303626537323,0.0,0.15,1.0,0.0,0.0,0.0,0.5,3.0,0.0,0.0,0.0,0.0,0.0,0.0,1.0,0.0,0.0,0.0,0.0,1.0,0.0,injection
attack_014:4,attack_014,always_injection,validation,0.912303626537323,0.0,0.15,1.0,0.0,0.0,0.0,0.7,0.0,2.0,0.0,0.0,0.0,0.0,0.0,0.0,1.0,0.0,0.0,0.0,0.0,1.0,injection
attack_015:0,attack_015,always_injection,validation,0.971802294254303,0.0,0.0,0.0,0.0,0.0,0.0,0.9,0.0,0.0,0.0,0.0,1.0,0.0,0.0,0.0,0.0,1.0,0.0,0.0,0.0,0.0,injection
attack_015:1,attack_015,always_injection,validation,0.971802294254303,0.0,0.0,0.0,0.0,0.0,0.0,0.2,0.0,0.0,1.0,0.0,0.0,1.0,0.0,0.0,0.0,0.0,1.0,0.0,0.0,0.0,injection
attack_015:2,attack_015,always_injection,validation,0.971802294254303,0.0,0.0,0.0,0.0,0.0,0.0,0.2,2.0,0.0,1.0,1.0,0.0,0.0,1.0,0.0,0.0,0.0,0.0,1.0,0.0,0.0,injection
attack_015:3,attack_015,always_injection,validation,0.971802294254303,0.0,0.0,0.0,0.0,0.0,0.0,0.5,3.0,0.0,0.0,0.0,0.0,0.0,0.0,1.0,0.0,0.0,0.0,0.0,1.0,0.0,injection
attack_015:4,attack_015,always_injection,validation,0.971802294254303,0.0,0.0,0.0,0.0,0.0,0.0,0.7,0.0,2.0,0.0,0.0,0.0,0.0,0.0,0.0,1.0,0.0,0.0,0.0,0.0,1.0,injection
attack_016:0,attack_016,always_injection,validation,0.9759085178375244,0.0,0.0,0.0,0.0,0.0,0.0,0.9,0.0,0.0,0.0,0.0,1.0,0.0,0.0,0.0,0.0,1.0,0.0,0.0,0.0,0.0,injection
attack_016:1,attack_016,always_injection,validation,0.9759085178375244,0.0,0.0,0.0,0.0,0.0,0.0,0.2,0.0,0.0,1.0,0.0,0.0,1.0,0.0,0.0,0.0,0.0,1.0,0.0,0.0,0.0,injection
attack_016:2,attack_016,always_injection,validation,0.9759085178375244,0.0,0.0,0.0,0.0,0.0,0.0,0.2,2.0,0.0,1.0,1.0,0.0,0.0,1.0,0.0,0.0,0.0,0.0,1.0,0.0,0.0,injection
attack_016:3,attack_016,always_injection,validation,0.9759085178375244,0.0,0.0,0.0,0.0,0.0,0.0,0.5,3.0,0.0,0.0,0.0,0.0,0.0,0.0,1.0,0.0,0.0,0.0,0.0,1.0,0.0,injection
attack_016:4,attack_016,always_injection,validation,0.9759085178375244,0.0,0.0,0.0,0.0,0.0,0.0,0.7,0.0,2.0,0.0,0.0,0.0,0.0,0.0,0.0,1.0,0.0,0.0,0.0,0.0,1.0,injection
attack_017:0,attack_017,always_injection,test,0.9731971621513367,0.0,0.0,0.0,0.0,0.0,0.0,0.9,0.0,0.0,0.0,0.0,1.0,0.0,0.0,0.0,0.0,1.0,0.0,0.0,0.0,0.0,injection
attack_017:1,attack_017,always_injection,test,0.9731971621513367,0.0,0.0,0.0,0.0,0.0,0.0,0.2,0.0,0.0,1.0,0.0,0.0,1.0,0.0,0.0,0.0,0.0,1.0,0.0,0.0,0.0,injection
attack_017:2,attack_017,always_injection,test,0.9731971621513367,0.0,0.0,0.0,0.0,0.0,0.0,0.2,2.0,0.0,1.0,1.0,0.0,0.0,1.0,0.0,0.0,0.0,0.0,1.0,0.0,0.0,injection
attack_017:3,attack_017,always_injection,test,0.9731971621513367,0.0,0.0,0.0,0.0,0.0,0.0,0.5,3.0,0.0,0.0,0.0,0.0,0.0,0.0,1.0,0.0,0.0,0.0,0.0,1.0,0.0,injection
attack_017:4,attack_017,always_injection,test,0.9731971621513367,0.0,0.0,0.0,0.0,0.0,0.0,0.7,0.0,2.0,0.0,0.0,0.0,0.0,0.0,0.0,1.0,0.0,0.0,0.0,0.0,1.0,injection
attack_018:0,attack_018,always_injection,test,0.9734312295913696,0.0,0.0,0.0,0.0,0.0,0.0,0.9,0.0,0.0,0.0,0.0,1.0,0.0,0.0,0.0,0.0,1.0,0.0,0.0,0.0,0.0,injection
attack_018:1,attack_018,always_injection,test,0.9734312295913696,0.0,0.0,0.0,0.0,0.0,0.0,0.2,0.0,0.0,1.0,0.0,0.0,1.0,0.0,0.0,0.0,0.0,1.0,0.0,0.0,0.0,injection
attack_018:2,attack_018,always_injection,test,0.9734312295913696,0.0,0.0,0.0,0.0,0.0,0.0,0.2,2.0,0.0,1.0,1.0,0.0,0.0,1.0,0.0,0.0,0.0,0.0,1.0,0.0,0.0,injection
attack_018:3,attack_018,always_injection,test,0.9734312295913696,0.0,0.0,0.0,0.0,0.0,0.0,0.5,3.0,0.0,0.0,0.0,0.0,0.0,0.0,1.0,0.0,0.0,0.0,0.0,1.0,0.0,injection
attack_018:4,attack_018,always_injection,test,0.9734312295913696,0.0,0.0,0.0,0.0,0.0,0.0,0.7,0.0,2.0,0.0,0.0,0.0,0.0,0.0,0.0,1.0,0.0,0.0,0.0,0.0,1.0,injection
attack_019:0,attack_019,always_injection,test,0.9698103070259094,0.0,0.0,0.0,0.0,0.0,0.0,0.9,0.0,0.0,0.0,0.0,1.0,0.0,0.0,0.0,0.0,1.0,0.0,0.0,0.0,0.0,injection
attack_019:1,attack_019,always_injection,test,0.9698103070259094,0.0,0.0,0.0,0.0,0.0,0.0,0.2,0.0,0.0,1.0,0.0,0.0,1.0,0.0,0.0,0.0,0.0,1.0,0.0,0.0,0.0,injection
attack_019:2,attack_019,always_injection,test,0.9698103070259094,0.0,0.0,0.0,0.0,0.0,0.0,0.2,2.0,0.0,1.0,1.0,0.0,0.0,1.0,0.0,0.0,0.0,0.0,1.0,0.0,0.0,injection
attack_019:3,attack_019,always_injection,test,0.9698103070259094,0.0,0.0,0.0,0.0,0.0,0.0,0.5,3.0,0.0,0.0,0.0,0.0,0.0,0.0,1.0,0.0,0.0,0.0,0.0,1.0,0.0,injection
attack_019:4,attack_019,always_injection,test,0.9698103070259094,0.0,0.0,0.0,0.0,0.0,0.0,0.7,0.0,2.0,0.0,0.0,0.0,0.0,0.0,0.0,1.0,0.0,0.0,0.0,0.0,1.0,injection
benign_000:0,benign_000,always_normal,train,0.02246011607348919,0.0,0.0,0.0,0.0,0.0,0.0,0.9,0.0,0.0,0.0,0.0,1.0,0.0,0.0,0.0,0.0,1.0,0.0,0.0,0.0,0.0,normal
benign_000:1,benign_000,always_normal,train,0.02246011607348919,0.0,0.0,0.0,0.0,0.0,0.0,0.2,0.0,0.0,1.0,0.0,0.0,1.0,0.0,0.0,0.0,0.0,1.0,0.0,0.0,0.0,normal
benign_000:2,benign_000,always_normal,train,0.02246011607348919,0.0,0.0,0.0,0.0,0.0,0.0,0.2,2.0,0.0,1.0,1.0,0.0,0.0,1.0,0.0,0.0,0.0,0.0,1.0,0.0,0.0,normal
benign_000:3,benign_000,always_normal,train,0.02246011607348919,0.0,0.0,0.0,0.0,0.0,0.0,0.5,3.0,0.0,0.0,0.0,0.0,0.0,0.0,1.0,0.0,0.0,0.0,0.0,1.0,0.0,normal
benign_000:4,benign_000,always_normal,train,0.02246011607348919,0.0,0.0,0.0,0.0,0.0,0.0,0.7,0.0,2.0,0.0,0.0,0.0,0.0,0.0,0.0,1.0,0.0,0.0,0.0,0.0,1.0,normal
benign_001:0,benign_001,always_normal,train,0.025776103138923645,0.0,0.0,0.0,0.0,0.0,0.0,0.9,0.0,0.0,0.0,0.0,1.0,0.0,0.0,0.0,0.0,1.0,0.0,0.0,0.0,0.0,normal
benign_001:1,benign_001,always_normal,train,0.025776103138923645,0.0,0.0,0.0,0.0,0.0,0.0,0.2,0.0,0.0,1.0,0.0,0.0,1.0,0.0,0.0,0.0,0.0,1.0,0.0,0.0,0.0,normal
benign_001:2,benign_001,always_normal,train,0.025776103138923645,0.0,0.0,0.0,0.0,0.0,0.0,0.2,2.0,0.0,1.0,1.0,0.0,0.0,1.0,0.0,0.0,0.0,0.0,1.0,0.0,0.0,normal
benign_001:3,benign_001,always_normal,train,0.025776103138923645,0.0,0.0,0.0,0.0,0.0,0.0,0.5,3.0,0.0,0.0,0.0,0.0,0.0,0.0,1.0,0.0,0.0,0.0,0.0,1.0,0.0,normal
benign_001:4,benign_001,always_normal,train,0.025776103138923645,0.0,0.0,0.0,0.0,0.0,0.0,0.7,0.0,2.0,0.0,0.0,0.0,0.0,0.0,0.0,1.0,0.0,0.0,0.0,0.0,1.0,normal
benign_002:0,benign_002,always_normal,train,0.25007930397987366,0.0,0.0,0.0,0.0,0.0,0.0,0.9,0.0,0.0,0.0,0.0,1.0,0.0,0.0,0.0,0.0,1.0,0.0,0.0,0.0,0.0,normal
benign_002:1,benign_002,always_normal,train,0.25007930397987366,0.0,0.0,0.0,0.0,0.0,0.0,0.2,0.0,0.0,1.0,0.0,0.0,1.0,0.0,0.0,0.0,0.0,1.0,0.0,0.0,0.0,normal
benign_002:2,benign_002,always_normal,train,0.25007930397987366,0.0,0.0,0.0,0.0,0.0,0.0,0.2,2.0,0.0,1.0,1.0,0.0,0.0,1.0,0.0,0.0,0.0,0.0,1.0,0.0,0.0,normal
benign_002:3,benign_002,always_normal,train,0.25007930397987366,0.0,0.0,0.0,0.0,0.0,0.0,0.5,3.0,0.0,0.0,0.0,0.0,0.0,0.0,1.0,0.0,0.0,0.0,0.0,1.0,0.0,normal
benign_002:4,benign_002,always_normal,train,0.25007930397987366,0.0,0.0,0.0,0.0,0.0,0.0,0.7,0.0,2.0,0.0,0.0,0.0,0.0,0.0,0.0,1.0,0.0,0.0,0.0,0.0,1.0,normal
benign_003:0,benign_003,always_normal,train,0.02204522117972374,0.0,0.0,0.0,0.0,0.0,0.0,0.9,0.0,0.0,0.0,0.0,1.0,0.0,0.0,0.0,0.0,1.0,0.0,0.0,0.0,0.0,normal
benign_003:1,benign_003,always_normal,train,0.02204522117972374,0.0,0.0,0.0,0.0,0.0,0.0,0.2,0.0,0.0,1.0,0.0,0.0,1.0,0.0,0.0,0.0,0.0,1.0,0.0,0.0,0.0,normal
benign_003:2,benign_003,always_normal,train,0.02204522117972374,0.0,0.0,0.0,0.0,0.0,0.0,0.2,2.0,0.0,1.0,1.0,0.0,0.0,1.0,0.0,0.0,0.0,0.0,1.0,0.0,0.0,normal
benign_003:3,benign_003,always_normal,train,0.02204522117972374,0.0,0.0,0.0,0.0,0.0,0.0,0.5,3.0,0.0,0.0,0.0,0.0,0.0,0.0,1.0,0.0,0.0,0.0,0.0,1.0,0.0,normal
benign_003:4,benign_003,always_normal,train,0.02204522117972374,0.0,0.0,0.0,0.0,0.0,0.0,0.7,0.0,2.0,0.0,0.0,0.0,0.0,0.0,0.0,1.0,0.0,0.0,0.0,0.0,1.0,normal
benign_004:0,benign_004,always_normal,train,0.02190900221467018,0.0,0.0,0.0,0.0,0.0,0.0,0.9,0.0,0.0,0.0,0.0,1.0,0.0,0.0,0.0,0.0,1.0,0.0,0.0,0.0,0.0,normal
benign_004:1,benign_004,always_normal,train,0.02190900221467018,0.0,0.0,0.0,0.0,0.0,0.0,0.2,0.0,0.0,1.0,0.0,0.0,1.0,0.0,0.0,0.0,0.0,1.0,0.0,0.0,0.0,normal
benign_004:2,benign_004,always_normal,train,0.02190900221467018,0.0,0.0,0.0,0.0,0.0,0.0,0.2,2.0,0.0,1.0,1.0,0.0,0.0,1.0,0.0,0.0,0.0,0.0,1.0,0.0,0.0,normal
benign_004:3,benign_004,always_normal,train,0.02190900221467018,0.0,0.0,0.0,0.0,0.0,0.0,0.5,3.0,0.0,0.0,0.0,0.0,0.0,0.0,1.0,0.0,0.0,0.0,0.0,1.0,0.0,normal
benign_004:4,benign_004,always_normal,train,0.02190900221467018,0.0,0.0,0.0,0.0,0.0,0.0,0.7,0.0,2.0,0.0,0.0,0.0,0.0,0.0,0.0,1.0,0.0,0.0,0.0,0.0,1.0,normal
benign_005:0,benign_005,always_normal,train,0.021149838343262672,0.0,0.0,0.0,0.0,0.0,0.0,0.9,0.0,0.0,0.0,0.0,1.0,0.0,0.0,0.0,0.0,1.0,0.0,0.0,0.0,0.0,normal
benign_005:1,benign_005,always_normal,train,0.021149838343262672,0.0,0.0,0.0,0.0,0.0,0.0,0.2,0.0,0.0,1.0,0.0,0.0,1.0,0.0,0.0,0.0,0.0,1.0,0.0,0.0,0.0,normal
benign_005:2,benign_005,always_normal,train,0.021149838343262672,0.0,0.0,0.0,0.0,0.0,0.0,0.2,2.0,0.0,1.0,1.0,0.0,0.0,1.0,0.0,0.0,0.0,0.0,1.0,0.0,0.0,normal
benign_005:3,benign_005,always_normal,train,0.021149838343262672,0.0,0.0,0.0,0.0,0.0,0.0,0.5,3.0,0.0,0.0,0.0,0.0,0.0,0.0,1.0,0.0,0.0,0.0,0.0,1.0,0.0,normal
benign_005:4,benign_005,always_normal,train,0.021149838343262672,0.0,0.0,0.0,0.0,0.0,0.0,0.7,0.0,2.0,0.0,0.0,0.0,0.0,0.0,0.0,1.0,0.0,0.0,0.0,0.0,1.0,normal
benign_006:0,benign_006,always_normal,train,0.030439289286732674,0.0,0.0,0.0,0.0,0.0,0.0,0.9,0.0,0.0,0.0,0.0,1.0,0.0,0.0,0.0,0.0,1.0,0.0,0.0,0.0,0.0,normal
benign_006:1,benign_006,always_normal,train,0.030439289286732674,0.0,0.0,0.0,0.0,0.0,0.0,0.2,0.0,0.0,1.0,0.0,0.0,1.0,0.0,0.0,0.0,0.0,1.0,0.0,0.0,0.0,normal
benign_006:2,benign_006,always_normal,train,0.030439289286732674,0.0,0.0,0.0,0.0,0.0,0.0,0.2,2.0,0.0,1.0,1.0,0.0,0.0,1.0,0.0,0.0,0.0,0.0,1.0,0.0,0.0,normal
benign_006:3,benign_006,always_normal,train,0.030439289286732674,0.0,0.0,0.0,0.0,0.0,0.0,0.5,3.0,0.0,0.0,0.0,0.0,0.0,0.0,1.0,0.0,0.0,0.0,0.0,1.0,0.0,normal
benign_006:4,benign_006,always_normal,train,0.030439289286732674,0.0,0.0,0.0,0.0,0.0,0.0,0.7,0.0,2.0,0.0,0.0,0.0,0.0,0.0,0.0,1.0,0.0,0.0,0.0,0.0,1.0,normal
benign_007:0,benign_007,always_normal,train,0.022289063781499863,1.0,0.25,1.0,0.0,0.0,0.0,0.9,0.0,0.0,0.0,0.0,1.0,0.0,0.0,0.0,0.0,1.0,0.0,0.0,0.0,0.0,normal
benign_007:1,benign_007,always_normal,train,0.022289063781499863,1.0,0.25,1.0,0.0,0.0,0.0,0.2,0.0,0.0,1.0,0.0,0.0,1.0,0.0,0.0,0.0,0.0,1.0,0.0,0.0,0.0,normal
benign_007:2,benign_007,always_normal,train,0.022289063781499863,1.0,0.25,1.0,0.0,0.0,0.0,0.2,2.0,0.0,1.0,1.0,0.0,0.0,1.0,0.0,0.0,0.0,0.0,1.0,0.0,0.0,normal
benign_007:3,benign_007,always_normal,train,0.022289063781499863,1.0,0.25,1.0,0.0,0.0,0.0,0.5,3.0,0.0,0.0,0.0,0.0,0.0,0.0,1.0,0.0,0.0,0.0,0.0,1.0,0.0,normal
benign_007:4,benign_007,always_normal,train,0.022289063781499863,1.0,0.25,1.0,0.0,0.0,0.0,0.7,0.0,2.0,0.0,0.0,0.0,0.0,0.0,0.0,1.0,0.0,0.0,0.0,0.0,1.0,normal
benign_008:0,benign_008,always_normal,train,0.024344442412257195,0.0,0.0,0.0,0.0,0.0,0.0,0.9,0.0,0.0,0.0,0.0,1.0,0.0,0.0,0.0,0.0,1.0,0.0,0.0,0.0,0.0,normal
benign_008:1,benign_008,always_normal,train,0.024344442412257195,0.0,0.0,0.0,0.0,0.0,0.0,0.2,0.0,0.0,1.0,0.0,0.0,1.0,0.0,0.0,0.0,0.0,1.0,0.0,0.0,0.0,normal
benign_008:2,benign_008,always_normal,train,0.024344442412257195,0.0,0.0,0.0,0.0,0.0,0.0,0.2,2.0,0.0,1.0,1.0,0.0,0.0,1.0,0.0,0.0,0.0,0.0,1.0,0.0,0.0,normal
benign_008:3,benign_008,always_normal,train,0.024344442412257195,0.0,0.0,0.0,0.0,0.0,0.0,0.5,3.0,0.0,0.0,0.0,0.0,0.0,0.0,1.0,0.0,0.0,0.0,0.0,1.0,0.0,normal
benign_008:4,benign_008,always_normal,train,0.024344442412257195,0.0,0.0,0.0,0.0,0.0,0.0,0.7,0.0,2.0,0.0,0.0,0.0,0.0,0.0,0.0,1.0,0.0,0.0,0.0,0.0,1.0,normal
benign_009:0,benign_009,always_normal,train,0.03292827308177948,0.0,0.0,0.0,0.0,0.0,0.0,0.9,0.0,0.0,0.0,0.0,1.0,0.0,0.0,0.0,0.0,1.0,0.0,0.0,0.0,0.0,normal
benign_009:1,benign_009,always_normal,train,0.03292827308177948,0.0,0.0,0.0,0.0,0.0,0.0,0.2,0.0,0.0,1.0,0.0,0.0,1.0,0.0,0.0,0.0,0.0,1.0,0.0,0.0,0.0,normal
benign_009:2,benign_009,always_normal,train,0.03292827308177948,0.0,0.0,0.0,0.0,0.0,0.0,0.2,2.0,0.0,1.0,1.0,0.0,0.0,1.0,0.0,0.0,0.0,0.0,1.0,0.0,0.0,normal
benign_009:3,benign_009,always_normal,train,0.03292827308177948,0.0,0.0,0.0,0.0,0.0,0.0,0.5,3.0,0.0,0.0,0.0,0.0,0.0,0.0,1.0,0.0,0.0,0.0,0.0,1.0,0.0,normal
benign_009:4,benign_009,always_normal,train,0.03292827308177948,0.0,0.0,0.0,0.0,0.0,0.0,0.7,0.0,2.0,0.0,0.0,0.0,0.0,0.0,0.0,1.0,0.0,0.0,0.0,0.0,1.0,normal
benign_010:0,benign_010,always_normal,train,0.04139285534620285,0.0,0.0,0.0,0.0,0.0,0.0,0.9,0.0,0.0,0.0,0.0,1.0,0.0,0.0,0.0,0.0,1.0,0.0,0.0,0.0,0.0,normal
benign_010:1,benign_010,always_normal,train,0.04139285534620285,0.0,0.0,0.0,0.0,0.0,0.0,0.2,0.0,0.0,1.0,0.0,0.0,1.0,0.0,0.0,0.0,0.0,1.0,0.0,0.0,0.0,normal
benign_010:2,benign_010,always_normal,train,0.04139285534620285,0.0,0.0,0.0,0.0,0.0,0.0,0.2,2.0,0.0,1.0,1.0,0.0,0.0,1.0,0.0,0.0,0.0,0.0,1.0,0.0,0.0,normal
benign_010:3,benign_010,always_normal,train,0.04139285534620285,0.0,0.0,0.0,0.0,0.0,0.0,0.5,3.0,0.0,0.0,0.0,0.0,0.0,0.0,1.0,0.0,0.0,0.0,0.0,1.0,0.0,normal
benign_010:4,benign_010,always_normal,train,0.04139285534620285,0.0,0.0,0.0,0.0,0.0,0.0,0.7,0.0,2.0,0.0,0.0,0.0,0.0,0.0,0.0,1.0,0.0,0.0,0.0,0.0,1.0,normal
benign_011:0,benign_011,always_normal,train,0.026939954608678818,0.0,0.0,0.0,0.0,0.0,0.0,0.9,0.0,0.0,0.0,0.0,1.0,0.0,0.0,0.0,0.0,1.0,0.0,0.0,0.0,0.0,normal
benign_011:1,benign_011,always_normal,train,0.026939954608678818,0.0,0.0,0.0,0.0,0.0,0.0,0.2,0.0,0.0,1.0,0.0,0.0,1.0,0.0,0.0,0.0,0.0,1.0,0.0,0.0,0.0,normal
benign_011:2,benign_011,always_normal,train,0.026939954608678818,0.0,0.0,0.0,0.0,0.0,0.0,0.2,2.0,0.0,1.0,1.0,0.0,0.0,1.0,0.0,0.0,0.0,0.0,1.0,0.0,0.0,normal
benign_011:3,benign_011,always_normal,train,0.026939954608678818,0.0,0.0,0.0,0.0,0.0,0.0,0.5,3.0,0.0,0.0,0.0,0.0,0.0,0.0,1.0,0.0,0.0,0.0,0.0,1.0,0.0,normal
benign_011:4,benign_011,always_normal,train,0.026939954608678818,0.0,0.0,0.0,0.0,0.0,0.0,0.7,0.0,2.0,0.0,0.0,0.0,0.0,0.0,0.0,1.0,0.0,0.0,0.0,0.0,1.0,normal
benign_012:0,benign_012,always_normal,train,0.03423549607396126,0.0,0.0,0.0,0.0,0.0,0.0,0.9,0.0,0.0,0.0,0.0,1.0,0.0,0.0,0.0,0.0,1.0,0.0,0.0,0.0,0.0,normal
benign_012:1,benign_012,always_normal,train,0.03423549607396126,0.0,0.0,0.0,0.0,0.0,0.0,0.2,0.0,0.0,1.0,0.0,0.0,1.0,0.0,0.0,0.0,0.0,1.0,0.0,0.0,0.0,normal
benign_012:2,benign_012,always_normal,train,0.03423549607396126,0.0,0.0,0.0,0.0,0.0,0.0,0.2,2.0,0.0,1.0,1.0,0.0,0.0,1.0,0.0,0.0,0.0,0.0,1.0,0.0,0.0,normal
benign_012:3,benign_012,always_normal,train,0.03423549607396126,0.0,0.0,0.0,0.0,0.0,0.0,0.5,3.0,0.0,0.0,0.0,0.0,0.0,0.0,1.0,0.0,0.0,0.0,0.0,1.0,0.0,normal
benign_012:4,benign_012,always_normal,train,0.03423549607396126,0.0,0.0,0.0,0.0,0.0,0.0,0.7,0.0,2.0,0.0,0.0,0.0,0.0,0.0,0.0,1.0,0.0,0.0,0.0,0.0,1.0,normal
benign_013:0,benign_013,always_normal,train,0.36328017711639404,0.0,0.0,0.0,0.0,0.0,0.0,0.9,0.0,0.0,0.0,0.0,1.0,0.0,0.0,0.0,0.0,1.0,0.0,0.0,0.0,0.0,normal
benign_013:1,benign_013,always_normal,train,0.36328017711639404,0.0,0.0,0.0,0.0,0.0,0.0,0.2,0.0,0.0,1.0,0.0,0.0,1.0,0.0,0.0,0.0,0.0,1.0,0.0,0.0,0.0,normal
benign_013:2,benign_013,always_normal,train,0.36328017711639404,0.0,0.0,0.0,0.0,0.0,0.0,0.2,2.0,0.0,1.0,1.0,0.0,0.0,1.0,0.0,0.0,0.0,0.0,1.0,0.0,0.0,normal
benign_013:3,benign_013,always_normal,train,0.36328017711639404,0.0,0.0,0.0,0.0,0.0,0.0,0.5,3.0,0.0,0.0,0.0,0.0,0.0,0.0,1.0,0.0,0.0,0.0,0.0,1.0,0.0,normal
benign_013:4,benign_013,always_normal,train,0.36328017711639404,0.0,0.0,0.0,0.0,0.0,0.0,0.7,0.0,2.0,0.0,0.0,0.0,0.0,0.0,0.0,1.0,0.0,0.0,0.0,0.0,1.0,normal
benign_014:0,benign_014,always_normal,validation,0.024558622390031815,0.0,0.0,0.0,0.0,0.0,0.0,0.9,0.0,0.0,0.0,0.0,1.0,0.0,0.0,0.0,0.0,1.0,0.0,0.0,0.0,0.0,normal
benign_014:1,benign_014,always_normal,validation,0.024558622390031815,0.0,0.0,0.0,0.0,0.0,0.0,0.2,0.0,0.0,1.0,0.0,0.0,1.0,0.0,0.0,0.0,0.0,1.0,0.0,0.0,0.0,normal
benign_014:2,benign_014,always_normal,validation,0.024558622390031815,0.0,0.0,0.0,0.0,0.0,0.0,0.2,2.0,0.0,1.0,1.0,0.0,0.0,1.0,0.0,0.0,0.0,0.0,1.0,0.0,0.0,normal
benign_014:3,benign_014,always_normal,validation,0.024558622390031815,0.0,0.0,0.0,0.0,0.0,0.0,0.5,3.0,0.0,0.0,0.0,0.0,0.0,0.0,1.0,0.0,0.0,0.0,0.0,1.0,0.0,normal
benign_014:4,benign_014,always_normal,validation,0.024558622390031815,0.0,0.0,0.0,0.0,0.0,0.0,0.7,0.0,2.0,0.0,0.0,0.0,0.0,0.0,0.0,1.0,0.0,0.0,0.0,0.0,1.0,normal
benign_015:0,benign_015,always_normal,validation,0.03414282202720642,0.0,0.0,0.0,0.0,0.0,0.0,0.9,0.0,0.0,0.0,0.0,1.0,0.0,0.0,0.0,0.0,1.0,0.0,0.0,0.0,0.0,normal
benign_015:1,benign_015,always_normal,validation,0.03414282202720642,0.0,0.0,0.0,0.0,0.0,0.0,0.2,0.0,0.0,1.0,0.0,0.0,1.0,0.0,0.0,0.0,0.0,1.0,0.0,0.0,0.0,normal
benign_015:2,benign_015,always_normal,validation,0.03414282202720642,0.0,0.0,0.0,0.0,0.0,0.0,0.2,2.0,0.0,1.0,1.0,0.0,0.0,1.0,0.0,0.0,0.0,0.0,1.0,0.0,0.0,normal
benign_015:3,benign_015,always_normal,validation,0.03414282202720642,0.0,0.0,0.0,0.0,0.0,0.0,0.5,3.0,0.0,0.0,0.0,0.0,0.0,0.0,1.0,0.0,0.0,0.0,0.0,1.0,0.0,normal
benign_015:4,benign_015,always_normal,validation,0.03414282202720642,0.0,0.0,0.0,0.0,0.0,0.0,0.7,0.0,2.0,0.0,0.0,0.0,0.0,0.0,0.0,1.0,0.0,0.0,0.0,0.0,1.0,normal
benign_016:0,benign_016,always_normal,validation,0.025482112541794777,1.0,0.25,1.0,0.0,0.0,0.0,0.9,0.0,0.0,0.0,0.0,1.0,0.0,0.0,0.0,0.0,1.0,0.0,0.0,0.0,0.0,normal
benign_016:1,benign_016,always_normal,validation,0.025482112541794777,1.0,0.25,1.0,0.0,0.0,0.0,0.2,0.0,0.0,1.0,0.0,0.0,1.0,0.0,0.0,0.0,0.0,1.0,0.0,0.0,0.0,normal
benign_016:2,benign_016,always_normal,validation,0.025482112541794777,1.0,0.25,1.0,0.0,0.0,0.0,0.2,2.0,0.0,1.0,1.0,0.0,0.0,1.0,0.0,0.0,0.0,0.0,1.0,0.0,0.0,normal
benign_016:3,benign_016,always_normal,validation,0.025482112541794777,1.0,0.25,1.0,0.0,0.0,0.0,0.5,3.0,0.0,0.0,0.0,0.0,0.0,0.0,1.0,0.0,0.0,0.0,0.0,1.0,0.0,normal
benign_016:4,benign_016,always_normal,validation,0.025482112541794777,1.0,0.25,1.0,0.0,0.0,0.0,0.7,0.0,2.0,0.0,0.0,0.0,0.0,0.0,0.0,1.0,0.0,0.0,0.0,0.0,1.0,normal
benign_017:0,benign_017,always_normal,test,0.053098294883966446,0.0,0.0,0.0,0.0,0.0,0.0,0.9,0.0,0.0,0.0,0.0,1.0,0.0,0.0,0.0,0.0,1.0,0.0,0.0,0.0,0.0,normal
benign_017:1,benign_017,always_normal,test,0.053098294883966446,0.0,0.0,0.0,0.0,0.0,0.0,0.2,0.0,0.0,1.0,0.0,0.0,1.0,0.0,0.0,0.0,0.0,1.0,0.0,0.0,0.0,normal
benign_017:2,benign_017,always_normal,test,0.053098294883966446,0.0,0.0,0.0,0.0,0.0,0.0,0.2,2.0,0.0,1.0,1.0,0.0,0.0,1.0,0.0,0.0,0.0,0.0,1.0,0.0,0.0,normal
benign_017:3,benign_017,always_normal,test,0.053098294883966446,0.0,0.0,0.0,0.0,0.0,0.0,0.5,3.0,0.0,0.0,0.0,0.0,0.0,0.0,1.0,0.0,0.0,0.0,0.0,1.0,0.0,normal
benign_017:4,benign_017,always_normal,test,0.053098294883966446,0.0,0.0,0.0,0.0,0.0,0.0,0.7,0.0,2.0,0.0,0.0,0.0,0.0,0.0,0.0,1.0,0.0,0.0,0.0,0.0,1.0,normal
benign_018:0,benign_018,always_normal,test,0.07389666885137558,0.0,0.0,0.0,0.0,0.0,0.0,0.9,0.0,0.0,0.0,0.0,1.0,0.0,0.0,0.0,0.0,1.0,0.0,0.0,0.0,0.0,normal
benign_018:1,benign_018,always_normal,test,0.07389666885137558,0.0,0.0,0.0,0.0,0.0,0.0,0.2,0.0,0.0,1.0,0.0,0.0,1.0,0.0,0.0,0.0,0.0,1.0,0.0,0.0,0.0,normal
benign_018:2,benign_018,always_normal,test,0.07389666885137558,0.0,0.0,0.0,0.0,0.0,0.0,0.2,2.0,0.0,1.0,1.0,0.0,0.0,1.0,0.0,0.0,0.0,0.0,1.0,0.0,0.0,normal
benign_018:3,benign_018,always_normal,test,0.07389666885137558,0.0,0.0,0.0,0.0,0.0,0.0,0.5,3.0,0.0,0.0,0.0,0.0,0.0,0.0,1.0,0.0,0.0,0.0,0.0,1.0,0.0,normal
benign_018:4,benign_018,always_normal,test,0.07389666885137558,0.0,0.0,0.0,0.0,0.0,0.0,0.7,0.0,2.0,0.0,0.0,0.0,0.0,0.0,0.0,1.0,0.0,0.0,0.0,0.0,1.0,normal
benign_019:0,benign_019,always_normal,test,0.025454850867390633,0.0,0.0,0.0,0.0,0.0,0.0,0.9,0.0,0.0,0.0,0.0,1.0,0.0,0.0,0.0,0.0,1.0,0.0,0.0,0.0,0.0,normal
benign_019:1,benign_019,always_normal,test,0.025454850867390633,0.0,0.0,0.0,0.0,0.0,0.0,0.2,0.0,0.0,1.0,0.0,0.0,1.0,0.0,0.0,0.0,0.0,1.0,0.0,0.0,0.0,normal
benign_019:2,benign_019,always_normal,test,0.025454850867390633,0.0,0.0,0.0,0.0,0.0,0.0,0.2,2.0,0.0,1.0,1.0,0.0,0.0,1.0,0.0,0.0,0.0,0.0,1.0,0.0,0.0,normal
benign_019:3,benign_019,always_normal,test,0.025454850867390633,0.0,0.0,0.0,0.0,0.0,0.0,0.5,3.0,0.0,0.0,0.0,0.0,0.0,0.0,1.0,0.0,0.0,0.0,0.0,1.0,0.0,normal
benign_019:4,benign_019,always_normal,test,0.025454850867390633,0.0,0.0,0.0,0.0,0.0,0.0,0.7,0.0,2.0,0.0,0.0,0.0,0.0,0.0,0.0,1.0,0.0,0.0,0.0,0.0,1.0,normal
context_000:0,context_000,context_sensitive,train,0.02894979529082775,0.0,0.0,0.0,0.0,0.0,0.0,0.9,0.0,0.0,0.0,0.0,1.0,0.0,0.0,0.0,0.0,1.0,0.0,0.0,0.0,0.0,normal
context_000:1,context_000,context_sensitive,train,0.02894979529082775,0.0,0.0,0.0,0.0,0.0,0.0,0.2,0.0,0.0,1.0,0.0,0.0,1.0,0.0,0.0,0.0,0.0,1.0,0.0,0.0,0.0,injection
context_000:2,context_000,context_sensitive,train,0.02894979529082775,0.0,0.0,0.0,0.0,0.0,0.0,0.2,2.0,0.0,1.0,1.0,0.0,0.0,1.0,0.0,0.0,0.0,0.0,1.0,0.0,0.0,injection
context_000:3,context_000,context_sensitive,train,0.02894979529082775,0.0,0.0,0.0,0.0,0.0,0.0,0.5,3.0,0.0,0.0,0.0,0.0,0.0,0.0,1.0,0.0,0.0,0.0,0.0,1.0,0.0,normal
context_000:4,context_000,context_sensitive,train,0.02894979529082775,0.0,0.0,0.0,0.0,0.0,0.0,0.7,0.0,2.0,0.0,0.0,0.0,0.0,0.0,0.0,1.0,0.0,0.0,0.0,0.0,1.0,normal
context_001:0,context_001,context_sensitive,train,0.02745109423995018,0.0,0.0,0.0,0.0,0.0,0.0,0.9,0.0,0.0,0.0,0.0,1.0,0.0,0.0,0.0,0.0,1.0,0.0,0.0,0.0,0.0,normal
context_001:1,context_001,context_sensitive,train,0.02745109423995018,0.0,0.0,0.0,0.0,0.0,0.0,0.2,0.0,0.0,1.0,0.0,0.0,1.0,0.0,0.0,0.0,0.0,1.0,0.0,0.0,0.0,injection
context_001:2,context_001,context_sensitive,train,0.02745109423995018,0.0,0.0,0.0,0.0,0.0,0.0,0.2,2.0,0.0,1.0,1.0,0.0,0.0,1.0,0.0,0.0,0.0,0.0,1.0,0.0,0.0,injection
context_001:3,context_001,context_sensitive,train,0.02745109423995018,0.0,0.0,0.0,0.0,0.0,0.0,0.5,3.0,0.0,0.0,0.0,0.0,0.0,0.0,1.0,0.0,0.0,0.0,0.0,1.0,0.0,normal
context_001:4,context_001,context_sensitive,train,0.02745109423995018,0.0,0.0,0.0,0.0,0.0,0.0,0.7,0.0,2.0,0.0,0.0,0.0,0.0,0.0,0.0,1.0,0.0,0.0,0.0,0.0,1.0,normal
context_002:0,context_002,context_sensitive,train,0.024621207267045975,0.0,0.0,0.0,0.0,0.0,0.0,0.9,0.0,0.0,0.0,0.0,1.0,0.0,0.0,0.0,0.0,1.0,0.0,0.0,0.0,0.0,normal
context_002:1,context_002,context_sensitive,train,0.024621207267045975,0.0,0.0,0.0,0.0,0.0,0.0,0.2,0.0,0.0,1.0,0.0,0.0,1.0,0.0,0.0,0.0,0.0,1.0,0.0,0.0,0.0,injection
context_002:2,context_002,context_sensitive,train,0.024621207267045975,0.0,0.0,0.0,0.0,0.0,0.0,0.2,2.0,0.0,1.0,1.0,0.0,0.0,1.0,0.0,0.0,0.0,0.0,1.0,0.0,0.0,injection
context_002:3,context_002,context_sensitive,train,0.024621207267045975,0.0,0.0,0.0,0.0,0.0,0.0,0.5,3.0,0.0,0.0,0.0,0.0,0.0,0.0,1.0,0.0,0.0,0.0,0.0,1.0,0.0,normal
context_002:4,context_002,context_sensitive,train,0.024621207267045975,0.0,0.0,0.0,0.0,0.0,0.0,0.7,0.0,2.0,0.0,0.0,0.0,0.0,0.0,0.0,1.0,0.0,0.0,0.0,0.0,1.0,normal
context_003:0,context_003,context_sensitive,train,0.026298025622963905,0.0,0.0,0.0,0.0,0.0,0.0,0.9,0.0,0.0,0.0,0.0,1.0,0.0,0.0,0.0,0.0,1.0,0.0,0.0,0.0,0.0,normal
context_003:1,context_003,context_sensitive,train,0.026298025622963905,0.0,0.0,0.0,0.0,0.0,0.0,0.2,0.0,0.0,1.0,0.0,0.0,1.0,0.0,0.0,0.0,0.0,1.0,0.0,0.0,0.0,injection
context_003:2,context_003,context_sensitive,train,0.026298025622963905,0.0,0.0,0.0,0.0,0.0,0.0,0.2,2.0,0.0,1.0,1.0,0.0,0.0,1.0,0.0,0.0,0.0,0.0,1.0,0.0,0.0,injection
context_003:3,context_003,context_sensitive,train,0.026298025622963905,0.0,0.0,0.0,0.0,0.0,0.0,0.5,3.0,0.0,0.0,0.0,0.0,0.0,0.0,1.0,0.0,0.0,0.0,0.0,1.0,0.0,normal
context_003:4,context_003,context_sensitive,train,0.026298025622963905,0.0,0.0,0.0,0.0,0.0,0.0,0.7,0.0,2.0,0.0,0.0,0.0,0.0,0.0,0.0,1.0,0.0,0.0,0.0,0.0,1.0,normal
context_004:0,context_004,context_sensitive,train,0.028951097279787064,0.0,0.0,0.0,0.0,0.0,0.0,0.9,0.0,0.0,0.0,0.0,1.0,0.0,0.0,0.0,0.0,1.0,0.0,0.0,0.0,0.0,normal
context_004:1,context_004,context_sensitive,train,0.028951097279787064,0.0,0.0,0.0,0.0,0.0,0.0,0.2,0.0,0.0,1.0,0.0,0.0,1.0,0.0,0.0,0.0,0.0,1.0,0.0,0.0,0.0,injection
context_004:2,context_004,context_sensitive,train,0.028951097279787064,0.0,0.0,0.0,0.0,0.0,0.0,0.2,2.0,0.0,1.0,1.0,0.0,0.0,1.0,0.0,0.0,0.0,0.0,1.0,0.0,0.0,injection
context_004:3,context_004,context_sensitive,train,0.028951097279787064,0.0,0.0,0.0,0.0,0.0,0.0,0.5,3.0,0.0,0.0,0.0,0.0,0.0,0.0,1.0,0.0,0.0,0.0,0.0,1.0,0.0,normal
context_004:4,context_004,context_sensitive,train,0.028951097279787064,0.0,0.0,0.0,0.0,0.0,0.0,0.7,0.0,2.0,0.0,0.0,0.0,0.0,0.0,0.0,1.0,0.0,0.0,0.0,0.0,1.0,normal
context_005:0,context_005,context_sensitive,train,0.03052779845893383,0.0,0.0,0.0,0.0,0.0,0.0,0.9,0.0,0.0,0.0,0.0,1.0,0.0,0.0,0.0,0.0,1.0,0.0,0.0,0.0,0.0,normal
context_005:1,context_005,context_sensitive,train,0.03052779845893383,0.0,0.0,0.0,0.0,0.0,0.0,0.2,0.0,0.0,1.0,0.0,0.0,1.0,0.0,0.0,0.0,0.0,1.0,0.0,0.0,0.0,injection
context_005:2,context_005,context_sensitive,train,0.03052779845893383,0.0,0.0,0.0,0.0,0.0,0.0,0.2,2.0,0.0,1.0,1.0,0.0,0.0,1.0,0.0,0.0,0.0,0.0,1.0,0.0,0.0,injection
context_005:3,context_005,context_sensitive,train,0.03052779845893383,0.0,0.0,0.0,0.0,0.0,0.0,0.5,3.0,0.0,0.0,0.0,0.0,0.0,0.0,1.0,0.0,0.0,0.0,0.0,1.0,0.0,normal
context_005:4,context_005,context_sensitive,train,0.03052779845893383,0.0,0.0,0.0,0.0,0.0,0.0,0.7,0.0,2.0,0.0,0.0,0.0,0.0,0.0,0.0,1.0,0.0,0.0,0.0,0.0,1.0,normal
context_006:0,context_006,context_sensitive,train,0.0296565480530262,0.0,0.0,0.0,0.0,0.0,0.0,0.9,0.0,0.0,0.0,0.0,1.0,0.0,0.0,0.0,0.0,1.0,0.0,0.0,0.0,0.0,normal
context_006:1,context_006,context_sensitive,train,0.0296565480530262,0.0,0.0,0.0,0.0,0.0,0.0,0.2,0.0,0.0,1.0,0.0,0.0,1.0,0.0,0.0,0.0,0.0,1.0,0.0,0.0,0.0,injection
context_006:2,context_006,context_sensitive,train,0.0296565480530262,0.0,0.0,0.0,0.0,0.0,0.0,0.2,2.0,0.0,1.0,1.0,0.0,0.0,1.0,0.0,0.0,0.0,0.0,1.0,0.0,0.0,injection
context_006:3,context_006,context_sensitive,train,0.0296565480530262,0.0,0.0,0.0,0.0,0.0,0.0,0.5,3.0,0.0,0.0,0.0,0.0,0.0,0.0,1.0,0.0,0.0,0.0,0.0,1.0,0.0,normal
context_006:4,context_006,context_sensitive,train,0.0296565480530262,0.0,0.0,0.0,0.0,0.0,0.0,0.7,0.0,2.0,0.0,0.0,0.0,0.0,0.0,0.0,1.0,0.0,0.0,0.0,0.0,1.0,normal
context_007:0,context_007,context_sensitive,train,0.023838341236114502,0.0,0.0,0.0,0.0,0.0,0.0,0.9,0.0,0.0,0.0,0.0,1.0,0.0,0.0,0.0,0.0,1.0,0.0,0.0,0.0,0.0,normal
context_007:1,context_007,context_sensitive,train,0.023838341236114502,0.0,0.0,0.0,0.0,0.0,0.0,0.2,0.0,0.0,1.0,0.0,0.0,1.0,0.0,0.0,0.0,0.0,1.0,0.0,0.0,0.0,injection
context_007:2,context_007,context_sensitive,train,0.023838341236114502,0.0,0.0,0.0,0.0,0.0,0.0,0.2,2.0,0.0,1.0,1.0,0.0,0.0,1.0,0.0,0.0,0.0,0.0,1.0,0.0,0.0,injection
context_007:3,context_007,context_sensitive,train,0.023838341236114502,0.0,0.0,0.0,0.0,0.0,0.0,0.5,3.0,0.0,0.0,0.0,0.0,0.0,0.0,1.0,0.0,0.0,0.0,0.0,1.0,0.0,normal
context_007:4,context_007,context_sensitive,train,0.023838341236114502,0.0,0.0,0.0,0.0,0.0,0.0,0.7,0.0,2.0,0.0,0.0,0.0,0.0,0.0,0.0,1.0,0.0,0.0,0.0,0.0,1.0,normal
context_008:0,context_008,context_sensitive,train,0.02690376341342926,0.0,0.0,0.0,0.0,0.0,0.0,0.9,0.0,0.0,0.0,0.0,1.0,0.0,0.0,0.0,0.0,1.0,0.0,0.0,0.0,0.0,normal
context_008:1,context_008,context_sensitive,train,0.02690376341342926,0.0,0.0,0.0,0.0,0.0,0.0,0.2,0.0,0.0,1.0,0.0,0.0,1.0,0.0,0.0,0.0,0.0,1.0,0.0,0.0,0.0,injection
context_008:2,context_008,context_sensitive,train,0.02690376341342926,0.0,0.0,0.0,0.0,0.0,0.0,0.2,2.0,0.0,1.0,1.0,0.0,0.0,1.0,0.0,0.0,0.0,0.0,1.0,0.0,0.0,injection
context_008:3,context_008,context_sensitive,train,0.02690376341342926,0.0,0.0,0.0,0.0,0.0,0.0,0.5,3.0,0.0,0.0,0.0,0.0,0.0,0.0,1.0,0.0,0.0,0.0,0.0,1.0,0.0,normal
context_008:4,context_008,context_sensitive,train,0.02690376341342926,0.0,0.0,0.0,0.0,0.0,0.0,0.7,0.0,2.0,0.0,0.0,0.0,0.0,0.0,0.0,1.0,0.0,0.0,0.0,0.0,1.0,normal
context_009:0,context_009,context_sensitive,train,0.031971100717782974,0.0,0.0,0.0,0.0,0.0,0.0,0.9,0.0,0.0,0.0,0.0,1.0,0.0,0.0,0.0,0.0,1.0,0.0,0.0,0.0,0.0,normal
context_009:1,context_009,context_sensitive,train,0.031971100717782974,0.0,0.0,0.0,0.0,0.0,0.0,0.2,0.0,0.0,1.0,0.0,0.0,1.0,0.0,0.0,0.0,0.0,1.0,0.0,0.0,0.0,injection
context_009:2,context_009,context_sensitive,train,0.031971100717782974,0.0,0.0,0.0,0.0,0.0,0.0,0.2,2.0,0.0,1.0,1.0,0.0,0.0,1.0,0.0,0.0,0.0,0.0,1.0,0.0,0.0,injection
context_009:3,context_009,context_sensitive,train,0.031971100717782974,0.0,0.0,0.0,0.0,0.0,0.0,0.5,3.0,0.0,0.0,0.0,0.0,0.0,0.0,1.0,0.0,0.0,0.0,0.0,1.0,0.0,normal
context_009:4,context_009,context_sensitive,train,0.031971100717782974,0.0,0.0,0.0,0.0,0.0,0.0,0.7,0.0,2.0,0.0,0.0,0.0,0.0,0.0,0.0,1.0,0.0,0.0,0.0,0.0,1.0,normal
context_010:0,context_010,context_sensitive,train,0.07091677188873291,0.0,0.0,0.0,0.0,0.0,0.0,0.9,0.0,0.0,0.0,0.0,1.0,0.0,0.0,0.0,0.0,1.0,0.0,0.0,0.0,0.0,normal
context_010:1,context_010,context_sensitive,train,0.07091677188873291,0.0,0.0,0.0,0.0,0.0,0.0,0.2,0.0,0.0,1.0,0.0,0.0,1.0,0.0,0.0,0.0,0.0,1.0,0.0,0.0,0.0,injection
context_010:2,context_010,context_sensitive,train,0.07091677188873291,0.0,0.0,0.0,0.0,0.0,0.0,0.2,2.0,0.0,1.0,1.0,0.0,0.0,1.0,0.0,0.0,0.0,0.0,1.0,0.0,0.0,injection
context_010:3,context_010,context_sensitive,train,0.07091677188873291,0.0,0.0,0.0,0.0,0.0,0.0,0.5,3.0,0.0,0.0,0.0,0.0,0.0,0.0,1.0,0.0,0.0,0.0,0.0,1.0,0.0,normal
context_010:4,context_010,context_sensitive,train,0.07091677188873291,0.0,0.0,0.0,0.0,0.0,0.0,0.7,0.0,2.0,0.0,0.0,0.0,0.0,0.0,0.0,1.0,0.0,0.0,0.0,0.0,1.0,normal
context_011:0,context_011,context_sensitive,train,0.03872755169868469,0.0,0.0,0.0,0.0,0.0,0.0,0.9,0.0,0.0,0.0,0.0,1.0,0.0,0.0,0.0,0.0,1.0,0.0,0.0,0.0,0.0,normal
context_011:1,context_011,context_sensitive,train,0.03872755169868469,0.0,0.0,0.0,0.0,0.0,0.0,0.2,0.0,0.0,1.0,0.0,0.0,1.0,0.0,0.0,0.0,0.0,1.0,0.0,0.0,0.0,injection
context_011:2,context_011,context_sensitive,train,0.03872755169868469,0.0,0.0,0.0,0.0,0.0,0.0,0.2,2.0,0.0,1.0,1.0,0.0,0.0,1.0,0.0,0.0,0.0,0.0,1.0,0.0,0.0,injection
context_011:3,context_011,context_sensitive,train,0.03872755169868469,0.0,0.0,0.0,0.0,0.0,0.0,0.5,3.0,0.0,0.0,0.0,0.0,0.0,0.0,1.0,0.0,0.0,0.0,0.0,1.0,0.0,normal
context_011:4,context_011,context_sensitive,train,0.03872755169868469,0.0,0.0,0.0,0.0,0.0,0.0,0.7,0.0,2.0,0.0,0.0,0.0,0.0,0.0,0.0,1.0,0.0,0.0,0.0,0.0,1.0,normal
context_012:0,context_012,context_sensitive,train,0.035165105015039444,0.0,0.0,0.0,0.0,0.0,0.0,0.9,0.0,0.0,0.0,0.0,1.0,0.0,0.0,0.0,0.0,1.0,0.0,0.0,0.0,0.0,normal
context_012:1,context_012,context_sensitive,train,0.035165105015039444,0.0,0.0,0.0,0.0,0.0,0.0,0.2,0.0,0.0,1.0,0.0,0.0,1.0,0.0,0.0,0.0,0.0,1.0,0.0,0.0,0.0,injection
context_012:2,context_012,context_sensitive,train,0.035165105015039444,0.0,0.0,0.0,0.0,0.0,0.0,0.2,2.0,0.0,1.0,1.0,0.0,0.0,1.0,0.0,0.0,0.0,0.0,1.0,0.0,0.0,injection
context_012:3,context_012,context_sensitive,train,0.035165105015039444,0.0,0.0,0.0,0.0,0.0,0.0,0.5,3.0,0.0,0.0,0.0,0.0,0.0,0.0,1.0,0.0,0.0,0.0,0.0,1.0,0.0,normal
context_012:4,context_012,context_sensitive,train,0.035165105015039444,0.0,0.0,0.0,0.0,0.0,0.0,0.7,0.0,2.0,0.0,0.0,0.0,0.0,0.0,0.0,1.0,0.0,0.0,0.0,0.0,1.0,normal
context_013:0,context_013,context_sensitive,train,0.045949988067150116,0.0,0.0,0.0,0.0,0.0,0.0,0.9,0.0,0.0,0.0,0.0,1.0,0.0,0.0,0.0,0.0,1.0,0.0,0.0,0.0,0.0,normal
context_013:1,context_013,context_sensitive,train,0.045949988067150116,0.0,0.0,0.0,0.0,0.0,0.0,0.2,0.0,0.0,1.0,0.0,0.0,1.0,0.0,0.0,0.0,0.0,1.0,0.0,0.0,0.0,injection
context_013:2,context_013,context_sensitive,train,0.045949988067150116,0.0,0.0,0.0,0.0,0.0,0.0,0.2,2.0,0.0,1.0,1.0,0.0,0.0,1.0,0.0,0.0,0.0,0.0,1.0,0.0,0.0,injection
context_013:3,context_013,context_sensitive,train,0.045949988067150116,0.0,0.0,0.0,0.0,0.0,0.0,0.5,3.0,0.0,0.0,0.0,0.0,0.0,0.0,1.0,0.0,0.0,0.0,0.0,1.0,0.0,normal
context_013:4,context_013,context_sensitive,train,0.045949988067150116,0.0,0.0,0.0,0.0,0.0,0.0,0.7,0.0,2.0,0.0,0.0,0.0,0.0,0.0,0.0,1.0,0.0,0.0,0.0,0.0,1.0,normal
context_014:0,context_014,context_sensitive,validation,0.06072498857975006,0.0,0.0,0.0,0.0,0.0,0.0,0.9,0.0,0.0,0.0,0.0,1.0,0.0,0.0,0.0,0.0,1.0,0.0,0.0,0.0,0.0,normal
context_014:1,context_014,context_sensitive,validation,0.06072498857975006,0.0,0.0,0.0,0.0,0.0,0.0,0.2,0.0,0.0,1.0,0.0,0.0,1.0,0.0,0.0,0.0,0.0,1.0,0.0,0.0,0.0,injection
context_014:2,context_014,context_sensitive,validation,0.06072498857975006,0.0,0.0,0.0,0.0,0.0,0.0,0.2,2.0,0.0,1.0,1.0,0.0,0.0,1.0,0.0,0.0,0.0,0.0,1.0,0.0,0.0,injection
context_014:3,context_014,context_sensitive,validation,0.06072498857975006,0.0,0.0,0.0,0.0,0.0,0.0,0.5,3.0,0.0,0.0,0.0,0.0,0.0,0.0,1.0,0.0,0.0,0.0,0.0,1.0,0.0,normal
context_014:4,context_014,context_sensitive,validation,0.06072498857975006,0.0,0.0,0.0,0.0,0.0,0.0,0.7,0.0,2.0,0.0,0.0,0.0,0.0,0.0,0.0,1.0,0.0,0.0,0.0,0.0,1.0,normal
context_015:0,context_015,context_sensitive,validation,0.03340045362710953,0.0,0.0,0.0,0.0,0.0,0.0,0.9,0.0,0.0,0.0,0.0,1.0,0.0,0.0,0.0,0.0,1.0,0.0,0.0,0.0,0.0,normal
context_015:1,context_015,context_sensitive,validation,0.03340045362710953,0.0,0.0,0.0,0.0,0.0,0.0,0.2,0.0,0.0,1.0,0.0,0.0,1.0,0.0,0.0,0.0,0.0,1.0,0.0,0.0,0.0,injection
context_015:2,context_015,context_sensitive,validation,0.03340045362710953,0.0,0.0,0.0,0.0,0.0,0.0,0.2,2.0,0.0,1.0,1.0,0.0,0.0,1.0,0.0,0.0,0.0,0.0,1.0,0.0,0.0,injection
context_015:3,context_015,context_sensitive,validation,0.03340045362710953,0.0,0.0,0.0,0.0,0.0,0.0,0.5,3.0,0.0,0.0,0.0,0.0,0.0,0.0,1.0,0.0,0.0,0.0,0.0,1.0,0.0,normal
context_015:4,context_015,context_sensitive,validation,0.03340045362710953,0.0,0.0,0.0,0.0,0.0,0.0,0.7,0.0,2.0,0.0,0.0,0.0,0.0,0.0,0.0,1.0,0.0,0.0,0.0,0.0,1.0,normal
context_016:0,context_016,context_sensitive,validation,0.028999585658311844,0.0,0.0,0.0,0.0,0.0,0.0,0.9,0.0,0.0,0.0,0.0,1.0,0.0,0.0,0.0,0.0,1.0,0.0,0.0,0.0,0.0,normal
context_016:1,context_016,context_sensitive,validation,0.028999585658311844,0.0,0.0,0.0,0.0,0.0,0.0,0.2,0.0,0.0,1.0,0.0,0.0,1.0,0.0,0.0,0.0,0.0,1.0,0.0,0.0,0.0,injection
context_016:2,context_016,context_sensitive,validation,0.028999585658311844,0.0,0.0,0.0,0.0,0.0,0.0,0.2,2.0,0.0,1.0,1.0,0.0,0.0,1.0,0.0,0.0,0.0,0.0,1.0,0.0,0.0,injection
context_016:3,context_016,context_sensitive,validation,0.028999585658311844,0.0,0.0,0.0,0.0,0.0,0.0,0.5,3.0,0.0,0.0,0.0,0.0,0.0,0.0,1.0,0.0,0.0,0.0,0.0,1.0,0.0,normal
context_016:4,context_016,context_sensitive,validation,0.028999585658311844,0.0,0.0,0.0,0.0,0.0,0.0,0.7,0.0,2.0,0.0,0.0,0.0,0.0,0.0,0.0,1.0,0.0,0.0,0.0,0.0,1.0,normal
context_017:0,context_017,context_sensitive,test,0.027014873921871185,0.0,0.0,0.0,0.0,0.0,0.0,0.9,0.0,0.0,0.0,0.0,1.0,0.0,0.0,0.0,0.0,1.0,0.0,0.0,0.0,0.0,normal
context_017:1,context_017,context_sensitive,test,0.027014873921871185,0.0,0.0,0.0,0.0,0.0,0.0,0.2,0.0,0.0,1.0,0.0,0.0,1.0,0.0,0.0,0.0,0.0,1.0,0.0,0.0,0.0,injection
context_017:2,context_017,context_sensitive,test,0.027014873921871185,0.0,0.0,0.0,0.0,0.0,0.0,0.2,2.0,0.0,1.0,1.0,0.0,0.0,1.0,0.0,0.0,0.0,0.0,1.0,0.0,0.0,injection
context_017:3,context_017,context_sensitive,test,0.027014873921871185,0.0,0.0,0.0,0.0,0.0,0.0,0.5,3.0,0.0,0.0,0.0,0.0,0.0,0.0,1.0,0.0,0.0,0.0,0.0,1.0,0.0,normal
context_017:4,context_017,context_sensitive,test,0.027014873921871185,0.0,0.0,0.0,0.0,0.0,0.0,0.7,0.0,2.0,0.0,0.0,0.0,0.0,0.0,0.0,1.0,0.0,0.0,0.0,0.0,1.0,normal
context_018:0,context_018,context_sensitive,test,0.040227267891168594,0.0,0.0,0.0,0.0,0.0,0.0,0.9,0.0,0.0,0.0,0.0,1.0,0.0,0.0,0.0,0.0,1.0,0.0,0.0,0.0,0.0,normal
context_018:1,context_018,context_sensitive,test,0.040227267891168594,0.0,0.0,0.0,0.0,0.0,0.0,0.2,0.0,0.0,1.0,0.0,0.0,1.0,0.0,0.0,0.0,0.0,1.0,0.0,0.0,0.0,injection
context_018:2,context_018,context_sensitive,test,0.040227267891168594,0.0,0.0,0.0,0.0,0.0,0.0,0.2,2.0,0.0,1.0,1.0,0.0,0.0,1.0,0.0,0.0,0.0,0.0,1.0,0.0,0.0,injection
context_018:3,context_018,context_sensitive,test,0.040227267891168594,0.0,0.0,0.0,0.0,0.0,0.0,0.5,3.0,0.0,0.0,0.0,0.0,0.0,0.0,1.0,0.0,0.0,0.0,0.0,1.0,0.0,normal
context_018:4,context_018,context_sensitive,test,0.040227267891168594,0.0,0.0,0.0,0.0,0.0,0.0,0.7,0.0,2.0,0.0,0.0,0.0,0.0,0.0,0.0,1.0,0.0,0.0,0.0,0.0,1.0,normal
context_019:0,context_019,context_sensitive,test,0.029817694798111916,0.0,0.0,0.0,0.0,0.0,0.0,0.9,0.0,0.0,0.0,0.0,1.0,0.0,0.0,0.0,0.0,1.0,0.0,0.0,0.0,0.0,normal
context_019:1,context_019,context_sensitive,test,0.029817694798111916,0.0,0.0,0.0,0.0,0.0,0.0,0.2,0.0,0.0,1.0,0.0,0.0,1.0,0.0,0.0,0.0,0.0,1.0,0.0,0.0,0.0,injection
context_019:2,context_019,context_sensitive,test,0.029817694798111916,0.0,0.0,0.0,0.0,0.0,0.0,0.2,2.0,0.0,1.0,1.0,0.0,0.0,1.0,0.0,0.0,0.0,0.0,1.0,0.0,0.0,injection
context_019:3,context_019,context_sensitive,test,0.029817694798111916,0.0,0.0,0.0,0.0,0.0,0.0,0.5,3.0,0.0,0.0,0.0,0.0,0.0,0.0,1.0,0.0,0.0,0.0,0.0,1.0,0.0,normal
context_019:4,context_019,context_sensitive,test,0.029817694798111916,0.0,0.0,0.0,0.0,0.0,0.0,0.7,0.0,2.0,0.0,0.0,0.0,0.0,0.0,0.0,1.0,0.0,0.0,0.0,0.0,1.0,normal
context_020:0,context_020,context_sensitive,train,0.042656224220991135,0.0,0.0,0.0,0.0,0.0,0.0,0.9,0.0,0.0,0.0,0.0,1.0,0.0,0.0,0.0,0.0,1.0,0.0,0.0,0.0,0.0,normal
context_020:1,context_020,context_sensitive,train,0.042656224220991135,0.0,0.0,0.0,0.0,0.0,0.0,0.2,0.0,0.0,1.0,0.0,0.0,1.0,0.0,0.0,0.0,0.0,1.0,0.0,0.0,0.0,injection
context_020:2,context_020,context_sensitive,train,0.042656224220991135,0.0,0.0,0.0,0.0,0.0,0.0,0.2,2.0,0.0,1.0,1.0,0.0,0.0,1.0,0.0,0.0,0.0,0.0,1.0,0.0,0.0,injection
context_020:3,context_020,context_sensitive,train,0.042656224220991135,0.0,0.0,0.0,0.0,0.0,0.0,0.5,3.0,0.0,0.0,0.0,0.0,0.0,0.0,1.0,0.0,0.0,0.0,0.0,1.0,0.0,normal
context_020:4,context_020,context_sensitive,train,0.042656224220991135,0.0,0.0,0.0,0.0,0.0,0.0,0.7,0.0,2.0,0.0,0.0,0.0,0.0,0.0,0.0,1.0,0.0,0.0,0.0,0.0,1.0,normal
context_021:0,context_021,context_sensitive,train,0.02812923863530159,0.0,0.0,0.0,0.0,0.0,0.0,0.9,0.0,0.0,0.0,0.0,1.0,0.0,0.0,0.0,0.0,1.0,0.0,0.0,0.0,0.0,normal
context_021:1,context_021,context_sensitive,train,0.02812923863530159,0.0,0.0,0.0,0.0,0.0,0.0,0.2,0.0,0.0,1.0,0.0,0.0,1.0,0.0,0.0,0.0,0.0,1.0,0.0,0.0,0.0,injection
context_021:2,context_021,context_sensitive,train,0.02812923863530159,0.0,0.0,0.0,0.0,0.0,0.0,0.2,2.0,0.0,1.0,1.0,0.0,0.0,1.0,0.0,0.0,0.0,0.0,1.0,0.0,0.0,injection
context_021:3,context_021,context_sensitive,train,0.02812923863530159,0.0,0.0,0.0,0.0,0.0,0.0,0.5,3.0,0.0,0.0,0.0,0.0,0.0,0.0,1.0,0.0,0.0,0.0,0.0,1.0,0.0,normal
context_021:4,context_021,context_sensitive,train,0.02812923863530159,0.0,0.0,0.0,0.0,0.0,0.0,0.7,0.0,2.0,0.0,0.0,0.0,0.0,0.0,0.0,1.0,0.0,0.0,0.0,0.0,1.0,normal
context_022:0,context_022,context_sensitive,train,0.03376845642924309,0.0,0.0,0.0,0.0,0.0,0.0,0.9,0.0,0.0,0.0,0.0,1.0,0.0,0.0,0.0,0.0,1.0,0.0,0.0,0.0,0.0,normal
context_022:1,context_022,context_sensitive,train,0.03376845642924309,0.0,0.0,0.0,0.0,0.0,0.0,0.2,0.0,0.0,1.0,0.0,0.0,1.0,0.0,0.0,0.0,0.0,1.0,0.0,0.0,0.0,injection
context_022:2,context_022,context_sensitive,train,0.03376845642924309,0.0,0.0,0.0,0.0,0.0,0.0,0.2,2.0,0.0,1.0,1.0,0.0,0.0,1.0,0.0,0.0,0.0,0.0,1.0,0.0,0.0,injection
context_022:3,context_022,context_sensitive,train,0.03376845642924309,0.0,0.0,0.0,0.0,0.0,0.0,0.5,3.0,0.0,0.0,0.0,0.0,0.0,0.0,1.0,0.0,0.0,0.0,0.0,1.0,0.0,normal
context_022:4,context_022,context_sensitive,train,0.03376845642924309,0.0,0.0,0.0,0.0,0.0,0.0,0.7,0.0,2.0,0.0,0.0,0.0,0.0,0.0,0.0,1.0,0.0,0.0,0.0,0.0,1.0,normal
context_023:0,context_023,context_sensitive,train,0.03484547883272171,0.0,0.0,0.0,0.0,0.0,0.0,0.9,0.0,0.0,0.0,0.0,1.0,0.0,0.0,0.0,0.0,1.0,0.0,0.0,0.0,0.0,normal
context_023:1,context_023,context_sensitive,train,0.03484547883272171,0.0,0.0,0.0,0.0,0.0,0.0,0.2,0.0,0.0,1.0,0.0,0.0,1.0,0.0,0.0,0.0,0.0,1.0,0.0,0.0,0.0,injection
context_023:2,context_023,context_sensitive,train,0.03484547883272171,0.0,0.0,0.0,0.0,0.0,0.0,0.2,2.0,0.0,1.0,1.0,0.0,0.0,1.0,0.0,0.0,0.0,0.0,1.0,0.0,0.0,injection
context_023:3,context_023,context_sensitive,train,0.03484547883272171,0.0,0.0,0.0,0.0,0.0,0.0,0.5,3.0,0.0,0.0,0.0,0.0,0.0,0.0,1.0,0.0,0.0,0.0,0.0,1.0,0.0,normal
context_023:4,context_023,context_sensitive,train,0.03484547883272171,0.0,0.0,0.0,0.0,0.0,0.0,0.7,0.0,2.0,0.0,0.0,0.0,0.0,0.0,0.0,1.0,0.0,0.0,0.0,0.0,1.0,normal
context_024:0,context_024,context_sensitive,train,0.024481771513819695,0.0,0.0,0.0,0.0,0.0,0.0,0.9,0.0,0.0,0.0,0.0,1.0,0.0,0.0,0.0,0.0,1.0,0.0,0.0,0.0,0.0,normal
context_024:1,context_024,context_sensitive,train,0.024481771513819695,0.0,0.0,0.0,0.0,0.0,0.0,0.2,0.0,0.0,1.0,0.0,0.0,1.0,0.0,0.0,0.0,0.0,1.0,0.0,0.0,0.0,injection
context_024:2,context_024,context_sensitive,train,0.024481771513819695,0.0,0.0,0.0,0.0,0.0,0.0,0.2,2.0,0.0,1.0,1.0,0.0,0.0,1.0,0.0,0.0,0.0,0.0,1.0,0.0,0.0,injection
context_024:3,context_024,context_sensitive,train,0.024481771513819695,0.0,0.0,0.0,0.0,0.0,0.0,0.5,3.0,0.0,0.0,0.0,0.0,0.0,0.0,1.0,0.0,0.0,0.0,0.0,1.0,0.0,normal
context_024:4,context_024,context_sensitive,train,0.024481771513819695,0.0,0.0,0.0,0.0,0.0,0.0,0.7,0.0,2.0,0.0,0.0,0.0,0.0,0.0,0.0,1.0,0.0,0.0,0.0,0.0,1.0,normal
context_025:0,context_025,context_sensitive,train,0.8090362548828125,0.0,0.0,0.0,0.0,0.0,0.0,0.9,0.0,0.0,0.0,0.0,1.0,0.0,0.0,0.0,0.0,1.0,0.0,0.0,0.0,0.0,normal
context_025:1,context_025,context_sensitive,train,0.8090362548828125,0.0,0.0,0.0,0.0,0.0,0.0,0.2,0.0,0.0,1.0,0.0,0.0,1.0,0.0,0.0,0.0,0.0,1.0,0.0,0.0,0.0,injection
context_025:2,context_025,context_sensitive,train,0.8090362548828125,0.0,0.0,0.0,0.0,0.0,0.0,0.2,2.0,0.0,1.0,1.0,0.0,0.0,1.0,0.0,0.0,0.0,0.0,1.0,0.0,0.0,injection
context_025:3,context_025,context_sensitive,train,0.8090362548828125,0.0,0.0,0.0,0.0,0.0,0.0,0.5,3.0,0.0,0.0,0.0,0.0,0.0,0.0,1.0,0.0,0.0,0.0,0.0,1.0,0.0,normal
context_025:4,context_025,context_sensitive,train,0.8090362548828125,0.0,0.0,0.0,0.0,0.0,0.0,0.7,0.0,2.0,0.0,0.0,0.0,0.0,0.0,0.0,1.0,0.0,0.0,0.0,0.0,1.0,normal
context_026:0,context_026,context_sensitive,train,0.06642867624759674,0.0,0.0,0.0,0.0,0.0,0.0,0.9,0.0,0.0,0.0,0.0,1.0,0.0,0.0,0.0,0.0,1.0,0.0,0.0,0.0,0.0,normal
context_026:1,context_026,context_sensitive,train,0.06642867624759674,0.0,0.0,0.0,0.0,0.0,0.0,0.2,0.0,0.0,1.0,0.0,0.0,1.0,0.0,0.0,0.0,0.0,1.0,0.0,0.0,0.0,injection
context_026:2,context_026,context_sensitive,train,0.06642867624759674,0.0,0.0,0.0,0.0,0.0,0.0,0.2,2.0,0.0,1.0,1.0,0.0,0.0,1.0,0.0,0.0,0.0,0.0,1.0,0.0,0.0,injection
context_026:3,context_026,context_sensitive,train,0.06642867624759674,0.0,0.0,0.0,0.0,0.0,0.0,0.5,3.0,0.0,0.0,0.0,0.0,0.0,0.0,1.0,0.0,0.0,0.0,0.0,1.0,0.0,normal
context_026:4,context_026,context_sensitive,train,0.06642867624759674,0.0,0.0,0.0,0.0,0.0,0.0,0.7,0.0,2.0,0.0,0.0,0.0,0.0,0.0,0.0,1.0,0.0,0.0,0.0,0.0,1.0,normal
context_027:0,context_027,context_sensitive,train,0.045169733464717865,0.0,0.0,0.0,0.0,0.0,0.0,0.9,0.0,0.0,0.0,0.0,1.0,0.0,0.0,0.0,0.0,1.0,0.0,0.0,0.0,0.0,normal
context_027:1,context_027,context_sensitive,train,0.045169733464717865,0.0,0.0,0.0,0.0,0.0,0.0,0.2,0.0,0.0,1.0,0.0,0.0,1.0,0.0,0.0,0.0,0.0,1.0,0.0,0.0,0.0,injection
context_027:2,context_027,context_sensitive,train,0.045169733464717865,0.0,0.0,0.0,0.0,0.0,0.0,0.2,2.0,0.0,1.0,1.0,0.0,0.0,1.0,0.0,0.0,0.0,0.0,1.0,0.0,0.0,injection
context_027:3,context_027,context_sensitive,train,0.045169733464717865,0.0,0.0,0.0,0.0,0.0,0.0,0.5,3.0,0.0,0.0,0.0,0.0,0.0,0.0,1.0,0.0,0.0,0.0,0.0,1.0,0.0,normal
context_027:4,context_027,context_sensitive,train,0.045169733464717865,0.0,0.0,0.0,0.0,0.0,0.0,0.7,0.0,2.0,0.0,0.0,0.0,0.0,0.0,0.0,1.0,0.0,0.0,0.0,0.0,1.0,normal
context_028:0,context_028,context_sensitive,train,0.11934459209442139,0.0,0.0,0.0,0.0,0.0,0.0,0.9,0.0,0.0,0.0,0.0,1.0,0.0,0.0,0.0,0.0,1.0,0.0,0.0,0.0,0.0,normal
context_028:1,context_028,context_sensitive,train,0.11934459209442139,0.0,0.0,0.0,0.0,0.0,0.0,0.2,0.0,0.0,1.0,0.0,0.0,1.0,0.0,0.0,0.0,0.0,1.0,0.0,0.0,0.0,injection
context_028:2,context_028,context_sensitive,train,0.11934459209442139,0.0,0.0,0.0,0.0,0.0,0.0,0.2,2.0,0.0,1.0,1.0,0.0,0.0,1.0,0.0,0.0,0.0,0.0,1.0,0.0,0.0,injection
context_028:3,context_028,context_sensitive,train,0.11934459209442139,0.0,0.0,0.0,0.0,0.0,0.0,0.5,3.0,0.0,0.0,0.0,0.0,0.0,0.0,1.0,0.0,0.0,0.0,0.0,1.0,0.0,normal
context_028:4,context_028,context_sensitive,train,0.11934459209442139,0.0,0.0,0.0,0.0,0.0,0.0,0.7,0.0,2.0,0.0,0.0,0.0,0.0,0.0,0.0,1.0,0.0,0.0,0.0,0.0,1.0,normal
context_029:0,context_029,context_sensitive,train,0.06399039179086685,0.0,0.0,0.0,0.0,0.0,0.0,0.9,0.0,0.0,0.0,0.0,1.0,0.0,0.0,0.0,0.0,1.0,0.0,0.0,0.0,0.0,normal
context_029:1,context_029,context_sensitive,train,0.06399039179086685,0.0,0.0,0.0,0.0,0.0,0.0,0.2,0.0,0.0,1.0,0.0,0.0,1.0,0.0,0.0,0.0,0.0,1.0,0.0,0.0,0.0,injection
context_029:2,context_029,context_sensitive,train,0.06399039179086685,0.0,0.0,0.0,0.0,0.0,0.0,0.2,2.0,0.0,1.0,1.0,0.0,0.0,1.0,0.0,0.0,0.0,0.0,1.0,0.0,0.0,injection
context_029:3,context_029,context_sensitive,train,0.06399039179086685,0.0,0.0,0.0,0.0,0.0,0.0,0.5,3.0,0.0,0.0,0.0,0.0,0.0,0.0,1.0,0.0,0.0,0.0,0.0,1.0,0.0,normal
context_029:4,context_029,context_sensitive,train,0.06399039179086685,0.0,0.0,0.0,0.0,0.0,0.0,0.7,0.0,2.0,0.0,0.0,0.0,0.0,0.0,0.0,1.0,0.0,0.0,0.0,0.0,1.0,normal
context_030:0,context_030,context_sensitive,train,0.11544009298086166,0.0,0.0,0.0,0.0,0.0,0.0,0.9,0.0,0.0,0.0,0.0,1.0,0.0,0.0,0.0,0.0,1.0,0.0,0.0,0.0,0.0,normal
context_030:1,context_030,context_sensitive,train,0.11544009298086166,0.0,0.0,0.0,0.0,0.0,0.0,0.2,0.0,0.0,1.0,0.0,0.0,1.0,0.0,0.0,0.0,0.0,1.0,0.0,0.0,0.0,injection
context_030:2,context_030,context_sensitive,train,0.11544009298086166,0.0,0.0,0.0,0.0,0.0,0.0,0.2,2.0,0.0,1.0,1.0,0.0,0.0,1.0,0.0,0.0,0.0,0.0,1.0,0.0,0.0,injection
context_030:3,context_030,context_sensitive,train,0.11544009298086166,0.0,0.0,0.0,0.0,0.0,0.0,0.5,3.0,0.0,0.0,0.0,0.0,0.0,0.0,1.0,0.0,0.0,0.0,0.0,1.0,0.0,normal
context_030:4,context_030,context_sensitive,train,0.11544009298086166,0.0,0.0,0.0,0.0,0.0,0.0,0.7,0.0,2.0,0.0,0.0,0.0,0.0,0.0,0.0,1.0,0.0,0.0,0.0,0.0,1.0,normal
context_031:0,context_031,context_sensitive,train,0.06320231407880783,0.0,0.0,0.0,0.0,0.0,0.0,0.9,0.0,0.0,0.0,0.0,1.0,0.0,0.0,0.0,0.0,1.0,0.0,0.0,0.0,0.0,normal
context_031:1,context_031,context_sensitive,train,0.06320231407880783,0.0,0.0,0.0,0.0,0.0,0.0,0.2,0.0,0.0,1.0,0.0,0.0,1.0,0.0,0.0,0.0,0.0,1.0,0.0,0.0,0.0,injection
context_031:2,context_031,context_sensitive,train,0.06320231407880783,0.0,0.0,0.0,0.0,0.0,0.0,0.2,2.0,0.0,1.0,1.0,0.0,0.0,1.0,0.0,0.0,0.0,0.0,1.0,0.0,0.0,injection
context_031:3,context_031,context_sensitive,train,0.06320231407880783,0.0,0.0,0.0,0.0,0.0,0.0,0.5,3.0,0.0,0.0,0.0,0.0,0.0,0.0,1.0,0.0,0.0,0.0,0.0,1.0,0.0,normal
context_031:4,context_031,context_sensitive,train,0.06320231407880783,0.0,0.0,0.0,0.0,0.0,0.0,0.7,0.0,2.0,0.0,0.0,0.0,0.0,0.0,0.0,1.0,0.0,0.0,0.0,0.0,1.0,normal
context_032:0,context_032,context_sensitive,train,0.05500088259577751,0.0,0.0,0.0,0.0,0.0,0.0,0.9,0.0,0.0,0.0,0.0,1.0,0.0,0.0,0.0,0.0,1.0,0.0,0.0,0.0,0.0,normal
context_032:1,context_032,context_sensitive,train,0.05500088259577751,0.0,0.0,0.0,0.0,0.0,0.0,0.2,0.0,0.0,1.0,0.0,0.0,1.0,0.0,0.0,0.0,0.0,1.0,0.0,0.0,0.0,injection
context_032:2,context_032,context_sensitive,train,0.05500088259577751,0.0,0.0,0.0,0.0,0.0,0.0,0.2,2.0,0.0,1.0,1.0,0.0,0.0,1.0,0.0,0.0,0.0,0.0,1.0,0.0,0.0,injection
context_032:3,context_032,context_sensitive,train,0.05500088259577751,0.0,0.0,0.0,0.0,0.0,0.0,0.5,3.0,0.0,0.0,0.0,0.0,0.0,0.0,1.0,0.0,0.0,0.0,0.0,1.0,0.0,normal
context_032:4,context_032,context_sensitive,train,0.05500088259577751,0.0,0.0,0.0,0.0,0.0,0.0,0.7,0.0,2.0,0.0,0.0,0.0,0.0,0.0,0.0,1.0,0.0,0.0,0.0,0.0,1.0,normal
context_033:0,context_033,context_sensitive,train,0.050251249223947525,0.0,0.0,0.0,0.0,0.0,0.0,0.9,0.0,0.0,0.0,0.0,1.0,0.0,0.0,0.0,0.0,1.0,0.0,0.0,0.0,0.0,normal
context_033:1,context_033,context_sensitive,train,0.050251249223947525,0.0,0.0,0.0,0.0,0.0,0.0,0.2,0.0,0.0,1.0,0.0,0.0,1.0,0.0,0.0,0.0,0.0,1.0,0.0,0.0,0.0,injection
context_033:2,context_033,context_sensitive,train,0.050251249223947525,0.0,0.0,0.0,0.0,0.0,0.0,0.2,2.0,0.0,1.0,1.0,0.0,0.0,1.0,0.0,0.0,0.0,0.0,1.0,0.0,0.0,injection
context_033:3,context_033,context_sensitive,train,0.050251249223947525,0.0,0.0,0.0,0.0,0.0,0.0,0.5,3.0,0.0,0.0,0.0,0.0,0.0,0.0,1.0,0.0,0.0,0.0,0.0,1.0,0.0,normal
context_033:4,context_033,context_sensitive,train,0.050251249223947525,0.0,0.0,0.0,0.0,0.0,0.0,0.7,0.0,2.0,0.0,0.0,0.0,0.0,0.0,0.0,1.0,0.0,0.0,0.0,0.0,1.0,normal
context_034:0,context_034,context_sensitive,validation,0.024472413584589958,0.0,0.0,0.0,0.0,0.0,0.0,0.9,0.0,0.0,0.0,0.0,1.0,0.0,0.0,0.0,0.0,1.0,0.0,0.0,0.0,0.0,normal
context_034:1,context_034,context_sensitive,validation,0.024472413584589958,0.0,0.0,0.0,0.0,0.0,0.0,0.2,0.0,0.0,1.0,0.0,0.0,1.0,0.0,0.0,0.0,0.0,1.0,0.0,0.0,0.0,injection
context_034:2,context_034,context_sensitive,validation,0.024472413584589958,0.0,0.0,0.0,0.0,0.0,0.0,0.2,2.0,0.0,1.0,1.0,0.0,0.0,1.0,0.0,0.0,0.0,0.0,1.0,0.0,0.0,injection
context_034:3,context_034,context_sensitive,validation,0.024472413584589958,0.0,0.0,0.0,0.0,0.0,0.0,0.5,3.0,0.0,0.0,0.0,0.0,0.0,0.0,1.0,0.0,0.0,0.0,0.0,1.0,0.0,normal
context_034:4,context_034,context_sensitive,validation,0.024472413584589958,0.0,0.0,0.0,0.0,0.0,0.0,0.7,0.0,2.0,0.0,0.0,0.0,0.0,0.0,0.0,1.0,0.0,0.0,0.0,0.0,1.0,normal
context_035:0,context_035,context_sensitive,validation,0.0538669228553772,0.0,0.0,0.0,0.0,0.0,0.0,0.9,0.0,0.0,0.0,0.0,1.0,0.0,0.0,0.0,0.0,1.0,0.0,0.0,0.0,0.0,normal
context_035:1,context_035,context_sensitive,validation,0.0538669228553772,0.0,0.0,0.0,0.0,0.0,0.0,0.2,0.0,0.0,1.0,0.0,0.0,1.0,0.0,0.0,0.0,0.0,1.0,0.0,0.0,0.0,injection
context_035:2,context_035,context_sensitive,validation,0.0538669228553772,0.0,0.0,0.0,0.0,0.0,0.0,0.2,2.0,0.0,1.0,1.0,0.0,0.0,1.0,0.0,0.0,0.0,0.0,1.0,0.0,0.0,injection
context_035:3,context_035,context_sensitive,validation,0.0538669228553772,0.0,0.0,0.0,0.0,0.0,0.0,0.5,3.0,0.0,0.0,0.0,0.0,0.0,0.0,1.0,0.0,0.0,0.0,0.0,1.0,0.0,normal
context_035:4,context_035,context_sensitive,validation,0.0538669228553772,0.0,0.0,0.0,0.0,0.0,0.0,0.7,0.0,2.0,0.0,0.0,0.0,0.0,0.0,0.0,1.0,0.0,0.0,0.0,0.0,1.0,normal
context_036:0,context_036,context_sensitive,validation,0.05087832733988762,0.0,0.0,0.0,0.0,0.0,0.0,0.9,0.0,0.0,0.0,0.0,1.0,0.0,0.0,0.0,0.0,1.0,0.0,0.0,0.0,0.0,normal
context_036:1,context_036,context_sensitive,validation,0.05087832733988762,0.0,0.0,0.0,0.0,0.0,0.0,0.2,0.0,0.0,1.0,0.0,0.0,1.0,0.0,0.0,0.0,0.0,1.0,0.0,0.0,0.0,injection
context_036:2,context_036,context_sensitive,validation,0.05087832733988762,0.0,0.0,0.0,0.0,0.0,0.0,0.2,2.0,0.0,1.0,1.0,0.0,0.0,1.0,0.0,0.0,0.0,0.0,1.0,0.0,0.0,injection
context_036:3,context_036,context_sensitive,validation,0.05087832733988762,0.0,0.0,0.0,0.0,0.0,0.0,0.5,3.0,0.0,0.0,0.0,0.0,0.0,0.0,1.0,0.0,0.0,0.0,0.0,1.0,0.0,normal
context_036:4,context_036,context_sensitive,validation,0.05087832733988762,0.0,0.0,0.0,0.0,0.0,0.0,0.7,0.0,2.0,0.0,0.0,0.0,0.0,0.0,0.0,1.0,0.0,0.0,0.0,0.0,1.0,normal
context_037:0,context_037,context_sensitive,test,0.05938277021050453,0.0,0.0,0.0,0.0,0.0,0.0,0.9,0.0,0.0,0.0,0.0,1.0,0.0,0.0,0.0,0.0,1.0,0.0,0.0,0.0,0.0,normal
context_037:1,context_037,context_sensitive,test,0.05938277021050453,0.0,0.0,0.0,0.0,0.0,0.0,0.2,0.0,0.0,1.0,0.0,0.0,1.0,0.0,0.0,0.0,0.0,1.0,0.0,0.0,0.0,injection
context_037:2,context_037,context_sensitive,test,0.05938277021050453,0.0,0.0,0.0,0.0,0.0,0.0,0.2,2.0,0.0,1.0,1.0,0.0,0.0,1.0,0.0,0.0,0.0,0.0,1.0,0.0,0.0,injection
context_037:3,context_037,context_sensitive,test,0.05938277021050453,0.0,0.0,0.0,0.0,0.0,0.0,0.5,3.0,0.0,0.0,0.0,0.0,0.0,0.0,1.0,0.0,0.0,0.0,0.0,1.0,0.0,normal
context_037:4,context_037,context_sensitive,test,0.05938277021050453,0.0,0.0,0.0,0.0,0.0,0.0,0.7,0.0,2.0,0.0,0.0,0.0,0.0,0.0,0.0,1.0,0.0,0.0,0.0,0.0,1.0,normal
context_038:0,context_038,context_sensitive,test,0.04544425010681152,0.0,0.0,0.0,0.0,0.0,0.0,0.9,0.0,0.0,0.0,0.0,1.0,0.0,0.0,0.0,0.0,1.0,0.0,0.0,0.0,0.0,normal
context_038:1,context_038,context_sensitive,test,0.04544425010681152,0.0,0.0,0.0,0.0,0.0,0.0,0.2,0.0,0.0,1.0,0.0,0.0,1.0,0.0,0.0,0.0,0.0,1.0,0.0,0.0,0.0,injection
context_038:2,context_038,context_sensitive,test,0.04544425010681152,0.0,0.0,0.0,0.0,0.0,0.0,0.2,2.0,0.0,1.0,1.0,0.0,0.0,1.0,0.0,0.0,0.0,0.0,1.0,0.0,0.0,injection
context_038:3,context_038,context_sensitive,test,0.04544425010681152,0.0,0.0,0.0,0.0,0.0,0.0,0.5,3.0,0.0,0.0,0.0,0.0,0.0,0.0,1.0,0.0,0.0,0.0,0.0,1.0,0.0,normal
context_038:4,context_038,context_sensitive,test,0.04544425010681152,0.0,0.0,0.0,0.0,0.0,0.0,0.7,0.0,2.0,0.0,0.0,0.0,0.0,0.0,0.0,1.0,0.0,0.0,0.0,0.0,1.0,normal
context_039:0,context_039,context_sensitive,test,0.03064984455704689,0.0,0.0,0.0,0.0,0.0,0.0,0.9,0.0,0.0,0.0,0.0,1.0,0.0,0.0,0.0,0.0,1.0,0.0,0.0,0.0,0.0,normal
context_039:1,context_039,context_sensitive,test,0.03064984455704689,0.0,0.0,0.0,0.0,0.0,0.0,0.2,0.0,0.0,1.0,0.0,0.0,1.0,0.0,0.0,0.0,0.0,1.0,0.0,0.0,0.0,injection
context_039:2,context_039,context_sensitive,test,0.03064984455704689,0.0,0.0,0.0,0.0,0.0,0.0,0.2,2.0,0.0,1.0,1.0,0.0,0.0,1.0,0.0,0.0,0.0,0.0,1.0,0.0,0.0,injection
context_039:3,context_039,context_sensitive,test,0.03064984455704689,0.0,0.0,0.0,0.0,0.0,0.0,0.5,3.0,0.0,0.0,0.0,0.0,0.0,0.0,1.0,0.0,0.0,0.0,0.0,1.0,0.0,normal
context_039:4,context_039,context_sensitive,test,0.03064984455704689,0.0,0.0,0.0,0.0,0.0,0.0,0.7,0.0,2.0,0.0,0.0,0.0,0.0,0.0,0.0,1.0,0.0,0.0,0.0,0.0,1.0,normal
